deck_tag,deck_file,artboard,figure,builder_in_this_repo,caption
newfig,NEW_FIGURES_20260804.ai,4,1-sisterless,figures/group_timestrips.py,1-sisterless example timestrip (20260420 ptk2 eyfp cdc20 1 ablation_20)
newfig,NEW_FIGURES_20260804.ai,4,1-sisterless_aligned__piece1,figures/group_timestrips.py,
newfig,NEW_FIGURES_20260804.ai,4,1-sisterless_aligned__piece2,figures/group_timestrips.py,
newfig,NEW_FIGURES_20260804.ai,4,1-sisterless_aligned__piece3,figures/group_timestrips.py,
newfig,NEW_FIGURES_20260804.ai,4,1-sisterless_aligned__piece4,figures/group_timestrips.py,
newfig,NEW_FIGURES_20260804.ai,4,2-sisterless,figures/group_timestrips.py,2-sisterless example timestrip (20260417 ptk2 eyfp cdc20 ablation_19)
0813supp,META_FIGURES_20260813_supplemental.ai,1,2-sisterless_aligned__piece1,figures/group_timestrips.py,
pub0813,META_FIGURES_20260813_supplemental_PUBLICATION_20260820.ai,1,2-sisterless_aligned__piece1,figures/group_timestrips.py,
0813supp,META_FIGURES_20260813_supplemental.ai,1,2-sisterless_aligned__piece2,figures/group_timestrips.py,
pub0813,META_FIGURES_20260813_supplemental_PUBLICATION_20260820.ai,1,2-sisterless_aligned__piece2,figures/group_timestrips.py,
0813supp,META_FIGURES_20260813_supplemental.ai,1,2-sisterless_aligned__piece3,figures/group_timestrips.py,
pub0813,META_FIGURES_20260813_supplemental_PUBLICATION_20260820.ai,1,2-sisterless_aligned__piece3,figures/group_timestrips.py,
0813supp,META_FIGURES_20260813_supplemental.ai,1,2-sisterless_aligned__piece4,figures/group_timestrips.py,
pub0813,META_FIGURES_20260813_supplemental_PUBLICATION_20260820.ai,1,2-sisterless_aligned__piece4,figures/group_timestrips.py,
0813supp,META_FIGURES_20260813_supplemental.ai,1,2-sisterless_aligned__piece5,figures/group_timestrips.py,
pub0813,META_FIGURES_20260813_supplemental_PUBLICATION_20260820.ai,1,2-sisterless_aligned__piece5,figures/group_timestrips.py,
0813supp,META_FIGURES_20260813_supplemental.ai,1,20250711_double_ablation_18_frap0_aligned,figures/group_frap_timestrips.py,"FRAP timestrip — 20250711 double ablation_18, first FRAP event, aligned crop."
pub0813,META_FIGURES_20260813_supplemental_PUBLICATION_20260820.ai,1,20250711_double_ablation_18_frap0_aligned,figures/group_frap_timestrips.py,"FRAP timestrip — 20250711 double ablation_18, first FRAP event, aligned crop."
newfig,NEW_FIGURES_20260804.ai,4,3-sisterless,figures/group_timestrips.py,3-sisterless example timestrip (20251104 ablations_5)
newfig,NEW_FIGURES_20260804.ai,3,3-sisterless_aligned__piece1,figures/group_timestrips.py,
newfig,NEW_FIGURES_20260804.ai,3,3-sisterless_aligned__piece2,figures/group_timestrips.py,
newfig,NEW_FIGURES_20260804.ai,3,3-sisterless_aligned__piece3,figures/group_timestrips.py,
newfig,NEW_FIGURES_20260804.ai,3,3-sisterless_aligned__piece4,figures/group_timestrips.py,
pub0814,META_FIGURES_20260814_PUBLICATION_20260820.ai,5,AB5_EXCERPT_1sisterless_11__piece1,figures/custom_ab5_excerpts_20260817.py,
pub0814,META_FIGURES_20260814_PUBLICATION_20260820.ai,5,AB5_EXCERPT_1sisterless_11__piece2,figures/custom_ab5_excerpts_20260817.py,
0814,META_FIGURES_20260814.ai,5,AB5_EXCERPT_hidden_in_plate,figures/custom_ab5_excerpts_20260817.py,Excerpt from the artboard-5 timestrip: the kinetochore hidden inside the plate.
pub0814,META_FIGURES_20260814_PUBLICATION_20260820.ai,5,AB5_EXCERPT_hidden_in_plate,figures/custom_ab5_excerpts_20260817.py,Excerpt from the artboard-5 timestrip: the kinetochore hidden inside the plate.
pub0814,META_FIGURES_20260814_PUBLICATION_20260820.ai,5,AB5_EXCERPT_polar__piece1,figures/custom_ab5_excerpts_20260817.py,
pub0814,META_FIGURES_20260814_PUBLICATION_20260820.ai,5,AB5_EXCERPT_polar__piece2,figures/custom_ab5_excerpts_20260817.py,
supp,other_20260820.ai,3,ALLcohorts_metaDur_vs_arearate,figures/custom_shape_rate_vs_metaphase.py,"Metaphase duration vs area-loss rate (all cohorts, whole trace)"
supp,other_20260820.ai,3,ALLcohorts_metaDur_vs_roundingrate,figures/custom_shape_rate_vs_metaphase.py,"Metaphase duration vs rounding rate (all cohorts, whole trace)"
supp,other_20260820.ai,1,DEMO_area_with_timestrips__piece1,figures/build_demo_timestrips.py,
supp,other_20260820.ai,1,DEMO_area_with_timestrips__piece2,figures/build_demo_timestrips.py,
supp,other_20260820.ai,1,DEMO_area_with_timestrips__piece3,figures/build_demo_timestrips.py,
supp,other_20260820.ai,1,DEMO_area_with_timestrips__piece4,figures/build_demo_timestrips.py,
supp,other_20260820.ai,1,DEMO_area_with_timestrips__piece5,figures/build_demo_timestrips.py,
supp,other_20260820.ai,1,DEMO_area_with_timestrips__piece6,figures/build_demo_timestrips.py,
supp,other_20260820.ai,1,DEMO_area_with_timestrips__piece7,figures/build_demo_timestrips.py,
supp,other_20260820.ai,1,DEMO_lineplot_shape_by_metaphase_single__p1,figures/custom_lineplot_shape_by_metaphase.py,"Panel 1 of 2 from DEMO_lineplot_shape_by_metaphase_single. DEMO shape through metaphase — per-cell RATE (box/violin), fastest/slowest metaphase thirds, 1-ablation (single) on-target (rebuilt 2026-08-03, feedback M2-08: binned comparison, not a line plot)"
supp,other_20260820.ai,1,DEMO_lineplot_shape_by_metaphase_single__p2,figures/custom_lineplot_shape_by_metaphase.py,"Panel 2 of 2 from DEMO_lineplot_shape_by_metaphase_single. DEMO shape through metaphase — per-cell RATE (box/violin), fastest/slowest metaphase thirds, 1-ablation (single) on-target (rebuilt 2026-08-03, feedback M2-08: binned comparison, not a line plot)"
supp,other_20260820.ai,3,DEMO_shape_rate_vs_metaphase_single_and_triple__p1,figures/custom_metafig_subitems_20260729.py,"Panel 1 of 4 from DEMO_shape_rate_vs_metaphase_single_and_triple. Shape-change rate vs metaphase duration - single, triple and unModified side by side"
supp,other_20260820.ai,3,DEMO_shape_rate_vs_metaphase_single_and_triple__p2,figures/custom_metafig_subitems_20260729.py,"Panel 2 of 4 from DEMO_shape_rate_vs_metaphase_single_and_triple. Shape-change rate vs metaphase duration - single, triple and unModified side by side"
supp,other_20260820.ai,3,DEMO_shape_rate_vs_metaphase_single_and_triple__p3,figures/custom_metafig_subitems_20260729.py,"Panel 3 of 4 from DEMO_shape_rate_vs_metaphase_single_and_triple. Shape-change rate vs metaphase duration - single, triple and unModified side by side"
supp,other_20260820.ai,3,DEMO_shape_rate_vs_metaphase_single_and_triple__p4,figures/custom_metafig_subitems_20260729.py,"Panel 4 of 4 from DEMO_shape_rate_vs_metaphase_single_and_triple. Shape-change rate vs metaphase duration - single, triple and unModified side by side"
newfig,NEW_FIGURES_20260804.ai,3,G10_kt_intensity_over_metaphase_by_state,figures/custom_todo0819b_kt_size_intensity.py,"Kinetochore Cdc20 intensity through metaphase, by attachment state"
newfig,NEW_FIGURES_20260804.ai,3,G10_kt_size_over_metaphase_by_state,figures/custom_todo0819b_kt_size_intensity.py,"Kinetochore size through metaphase, by attachment state"
newfig,NEW_FIGURES_20260804.ai,3,G10_offtarget_unmod_poolability,figures/custom_todo0819b_pooling_test.py,"Poolability of off-target vs unmodified, per figure"
newfig,NEW_FIGURES_20260804.ai,3,G10_osc_amplitude_by_attachment,figures/custom_todo0819b_oscillations.py,"Oscillation amplitude by attachment type, in metaphase"
newfig,NEW_FIGURES_20260804.ai,3,G10_osc_decay_over_metaphase,figures/custom_todo0819b_oscillations.py,"Does oscillation amplitude fall through metaphase? Paired kinetochores, per cell type"
newfig,NEW_FIGURES_20260804.ai,3,G10_osc_model_waves,figures/custom_todo0819b_oscillations.py,Model oscillation curves by attachment type
newfig,NEW_FIGURES_20260804.ai,3,G10_osc_period_by_attachment,figures/custom_todo0819b_oscillations.py,"Oscillation period by attachment type, in metaphase"
newfig,NEW_FIGURES_20260804.ai,3,G10_osc_period_over_metaphase,figures/custom_todo0819b_oscillations.py,"Does oscillation period change through metaphase? Paired kinetochores, per cell type"
newfig,NEW_FIGURES_20260804.ai,3,G10_osc_q1_vs_q4,figures/custom_todo0819b_oscillations.py,"Paired-KT oscillation amplitude, first vs last quarter of metaphase"
newfig,NEW_FIGURES_20260804.ai,3,G10_osc_quartile_profile,figures/custom_todo0819b_oscillations.py,Paired-KT oscillation amplitude by quarter of metaphase
0813supp,META_FIGURES_20260813_supplemental.ai,4,G1_area_collagen_vs_pooled_abl2meta,figures/group1_roundness.py,Cell cross-sectional area — collagen vs every other group pooled into one line
pub0813,META_FIGURES_20260813_supplemental_PUBLICATION_20260820.ai,4,G1_area_collagen_vs_pooled_abl2meta,figures/group1_roundness.py,Cell cross-sectional area — collagen vs every other group pooled into one line
0814,META_FIGURES_20260814.ai,4,G1_area_collagen_vs_pooled_meta,figures/group1_roundness.py,Cell cross-sectional area — collagen vs every other group pooled into one line
supp,other_20260820.ai,0,G1_area_collagen_vs_pooled_meta,figures/group1_roundness.py,Cell cross-sectional area — collagen vs every other group pooled into one line
newfig,NEW_FIGURES_20260804.ai,4,G1_area_combined,figures/group1_roundness.py,Cell cross-sectional area — all groups combined
0813supp,META_FIGURES_20260813_supplemental.ai,4,G1_area_combined_abl2meta_trendscaled,figures/group1_roundness.py,Cell cross-sectional area — all groups combined (trend-scaled)
pub0813,META_FIGURES_20260813_supplemental_PUBLICATION_20260820.ai,4,G1_area_combined_abl2meta_trendscaled,figures/group1_roundness.py,Cell cross-sectional area — all groups combined (trend-scaled)
0813supp,META_FIGURES_20260813_supplemental.ai,4,G1_area_combined_abl2meta_trendscaled_delta,figures/custom_delta_axis_variants_20260816.py,Δ cell cross-sectional area (µm²) (delta sibling of G1_area_combined_abl2meta_trendscaled)
pub0813,META_FIGURES_20260813_supplemental_PUBLICATION_20260820.ai,4,G1_area_combined_abl2meta_trendscaled_delta,figures/custom_delta_axis_variants_20260816.py,Δ cell cross-sectional area (µm²) (delta sibling of G1_area_combined_abl2meta_trendscaled)
newfig,NEW_FIGURES_20260804.ai,5,G1_area_combined_meta,figures/group1_roundness.py,Cell cross-sectional area — all groups combined
0814,META_FIGURES_20260814.ai,4,G1_area_combined_meta_trendscaled,figures/group1_roundness.py,Cell cross-sectional area — all groups combined (trend-scaled)
newfig,NEW_FIGURES_20260804.ai,5,G1_area_combined_meta_trendscaled,figures/group1_roundness.py,Cell cross-sectional area — all groups combined (trend-scaled)
supp,other_20260820.ai,0,G1_area_combined_meta_trendscaled,figures/group1_roundness.py,Cell cross-sectional area — all groups combined (trend-scaled)
0814,META_FIGURES_20260814.ai,4,G1_area_combined_meta_trendscaled_delta,figures/custom_delta_axis_variants_20260816.py,Δ cell cross-sectional area (µm²) (delta sibling of G1_area_combined_meta_trendscaled)
pub0814,META_FIGURES_20260814_PUBLICATION_20260820.ai,4,G1_area_combined_meta_trendscaled_delta,figures/custom_delta_axis_variants_20260816.py,Δ cell cross-sectional area (µm²) (delta sibling of G1_area_combined_meta_trendscaled)
pub0814,META_FIGURES_20260814_PUBLICATION_20260820.ai,4,G1_area_combined_meta_trendscaled_delta_collagen_vs_3,figures/custom_delta_axis_variants_20260816.py,Δ cell cross-sectional area (µm²) (delta sibling of G1_area_combined_meta_trendscaled)
pub0814,META_FIGURES_20260814_PUBLICATION_20260820.ai,4,G1_area_combined_meta_trendscaled_delta_nocollagen,figures/custom_delta_axis_variants_20260816.py,Δ cell cross-sectional area (µm²) (delta sibling of G1_area_combined_meta_trendscaled)
newfig,NEW_FIGURES_20260804.ai,5,G1_area_split__p1,figures/group1_roundness.py,Panel 1 of 6 from G1_area_split. Cell cross-sectional area split by group
newfig,NEW_FIGURES_20260804.ai,5,G1_area_split__p2,figures/group1_roundness.py,Panel 2 of 6 from G1_area_split. Cell cross-sectional area split by group
newfig,NEW_FIGURES_20260804.ai,5,G1_area_split__p3,figures/group1_roundness.py,Panel 3 of 6 from G1_area_split. Cell cross-sectional area split by group
newfig,NEW_FIGURES_20260804.ai,5,G1_area_split__p4,figures/group1_roundness.py,Panel 4 of 6 from G1_area_split. Cell cross-sectional area split by group
newfig,NEW_FIGURES_20260804.ai,5,G1_area_split__p5,figures/group1_roundness.py,Panel 5 of 6 from G1_area_split. Cell cross-sectional area split by group
newfig,NEW_FIGURES_20260804.ai,5,G1_area_split__p6,figures/group1_roundness.py,Panel 6 of 6 from G1_area_split. Cell cross-sectional area split by group
newfig,NEW_FIGURES_20260804.ai,5,G1_area_split_meta__p1,figures/group1_roundness.py,Panel 1 of 6 from G1_area_split_meta. Cell cross-sectional area split by group
newfig,NEW_FIGURES_20260804.ai,5,G1_area_split_meta__p2,figures/group1_roundness.py,Panel 2 of 6 from G1_area_split_meta. Cell cross-sectional area split by group
newfig,NEW_FIGURES_20260804.ai,5,G1_area_split_meta__p3,figures/group1_roundness.py,Panel 3 of 6 from G1_area_split_meta. Cell cross-sectional area split by group
newfig,NEW_FIGURES_20260804.ai,5,G1_area_split_meta__p4,figures/group1_roundness.py,Panel 4 of 6 from G1_area_split_meta. Cell cross-sectional area split by group
newfig,NEW_FIGURES_20260804.ai,5,G1_area_split_meta__p5,figures/group1_roundness.py,Panel 5 of 6 from G1_area_split_meta. Cell cross-sectional area split by group
newfig,NEW_FIGURES_20260804.ai,5,G1_area_split_meta__p6,figures/group1_roundness.py,Panel 6 of 6 from G1_area_split_meta. Cell cross-sectional area split by group
newfig,NEW_FIGURES_20260804.ai,5,G1_area_split_meta_trendscaled__p1,figures/group1_roundness.py,Panel 1 of 6 from G1_area_split_meta_trendscaled. Cell cross-sectional area split by group (trend-scaled)
newfig,NEW_FIGURES_20260804.ai,5,G1_area_split_meta_trendscaled__p2,figures/group1_roundness.py,Panel 2 of 6 from G1_area_split_meta_trendscaled. Cell cross-sectional area split by group (trend-scaled)
newfig,NEW_FIGURES_20260804.ai,5,G1_area_split_meta_trendscaled__p3,figures/group1_roundness.py,Panel 3 of 6 from G1_area_split_meta_trendscaled. Cell cross-sectional area split by group (trend-scaled)
newfig,NEW_FIGURES_20260804.ai,5,G1_area_split_meta_trendscaled__p4,figures/group1_roundness.py,Panel 4 of 6 from G1_area_split_meta_trendscaled. Cell cross-sectional area split by group (trend-scaled)
newfig,NEW_FIGURES_20260804.ai,5,G1_area_split_meta_trendscaled__p5,figures/group1_roundness.py,Panel 5 of 6 from G1_area_split_meta_trendscaled. Cell cross-sectional area split by group (trend-scaled)
newfig,NEW_FIGURES_20260804.ai,5,G1_area_split_meta_trendscaled__p6,figures/group1_roundness.py,Panel 6 of 6 from G1_area_split_meta_trendscaled. Cell cross-sectional area split by group (trend-scaled)
newfig,NEW_FIGURES_20260804.ai,6,G1_area_split_trendscaled__p1,figures/group1_roundness.py,Panel 1 of 6 from G1_area_split_trendscaled. Cell cross-sectional area split by group (trend-scaled)
newfig,NEW_FIGURES_20260804.ai,6,G1_area_split_trendscaled__p2,figures/group1_roundness.py,Panel 2 of 6 from G1_area_split_trendscaled. Cell cross-sectional area split by group (trend-scaled)
newfig,NEW_FIGURES_20260804.ai,6,G1_area_split_trendscaled__p3,figures/group1_roundness.py,Panel 3 of 6 from G1_area_split_trendscaled. Cell cross-sectional area split by group (trend-scaled)
newfig,NEW_FIGURES_20260804.ai,6,G1_area_split_trendscaled__p4,figures/group1_roundness.py,Panel 4 of 6 from G1_area_split_trendscaled. Cell cross-sectional area split by group (trend-scaled)
newfig,NEW_FIGURES_20260804.ai,6,G1_area_split_trendscaled__p5,figures/group1_roundness.py,Panel 5 of 6 from G1_area_split_trendscaled. Cell cross-sectional area split by group (trend-scaled)
newfig,NEW_FIGURES_20260804.ai,6,G1_area_split_trendscaled__p6,figures/group1_roundness.py,Panel 6 of 6 from G1_area_split_trendscaled. Cell cross-sectional area split by group (trend-scaled)
newfig,NEW_FIGURES_20260804.ai,8,G1_centroid_movement_combined,figures/group1_roundness.py,Centroid movement — all groups combined
0813supp,META_FIGURES_20260813_supplemental.ai,4,G1_centroid_movement_combined_abl2meta_trendscaled,figures/group1_roundness.py,Centroid movement — all groups combined (trend-scaled)
pub0813,META_FIGURES_20260813_supplemental_PUBLICATION_20260820.ai,4,G1_centroid_movement_combined_abl2meta_trendscaled,figures/group1_roundness.py,Centroid movement — all groups combined (trend-scaled)
0813supp,META_FIGURES_20260813_supplemental.ai,4,G1_centroid_movement_combined_abl2meta_trendscaled_delta,figures/custom_delta_axis_variants_20260816.py,Δ centroid movement (µm) (delta sibling of G1_centroid_movement_combined_abl2meta_trendscaled)
pub0813,META_FIGURES_20260813_supplemental_PUBLICATION_20260820.ai,4,G1_centroid_movement_combined_abl2meta_trendscaled_delta,figures/custom_delta_axis_variants_20260816.py,Δ centroid movement (µm) (delta sibling of G1_centroid_movement_combined_abl2meta_trendscaled)
0813supp,META_FIGURES_20260813_supplemental.ai,4,G1_centroid_movement_combined_meta,figures/group1_roundness.py,Centroid movement — all groups combined
pub0813,META_FIGURES_20260813_supplemental_PUBLICATION_20260820.ai,4,G1_centroid_movement_combined_meta,figures/group1_roundness.py,Centroid movement — all groups combined
0814,META_FIGURES_20260814.ai,4,G1_centroid_movement_combined_meta_trendscaled,figures/group1_roundness.py,Centroid movement — all groups combined (trend-scaled)
supp,other_20260820.ai,0,G1_centroid_movement_combined_meta_trendscaled,figures/group1_roundness.py,Centroid movement — all groups combined (trend-scaled)
0814,META_FIGURES_20260814.ai,4,G1_centroid_movement_combined_meta_trendscaled_delta,figures/custom_delta_axis_variants_20260816.py,Δ centroid movement (µm) (delta sibling of G1_centroid_movement_combined_meta_trendscaled)
pub0814,META_FIGURES_20260814_PUBLICATION_20260820.ai,4,G1_centroid_movement_combined_meta_trendscaled_delta,figures/custom_delta_axis_variants_20260816.py,Δ centroid movement (µm) (delta sibling of G1_centroid_movement_combined_meta_trendscaled)
pub0814,META_FIGURES_20260814_PUBLICATION_20260820.ai,4,G1_centroid_movement_combined_meta_trendscaled_delta_collagen_vs_3,figures/custom_delta_axis_variants_20260816.py,Δ centroid movement (µm) (delta sibling of G1_centroid_movement_combined_meta_trendscaled)
pub0814,META_FIGURES_20260814_PUBLICATION_20260820.ai,4,G1_centroid_movement_combined_meta_trendscaled_delta_nocollagen,figures/custom_delta_axis_variants_20260816.py,Δ centroid movement (µm) (delta sibling of G1_centroid_movement_combined_meta_trendscaled)
newfig,NEW_FIGURES_20260804.ai,8,G1_centroid_movement_split__p1,figures/group1_roundness.py,
newfig,NEW_FIGURES_20260804.ai,8,G1_centroid_movement_split__p2,figures/group1_roundness.py,
newfig,NEW_FIGURES_20260804.ai,8,G1_centroid_movement_split__p3,figures/group1_roundness.py,
newfig,NEW_FIGURES_20260804.ai,8,G1_centroid_movement_split__p4,figures/group1_roundness.py,
newfig,NEW_FIGURES_20260804.ai,8,G1_centroid_movement_split__p5,figures/group1_roundness.py,
newfig,NEW_FIGURES_20260804.ai,8,G1_centroid_movement_split__p6,figures/group1_roundness.py,
newfig,NEW_FIGURES_20260804.ai,8,G1_centroid_movement_split_meta__p1,figures/group1_roundness.py,
newfig,NEW_FIGURES_20260804.ai,8,G1_centroid_movement_split_meta__p2,figures/group1_roundness.py,
newfig,NEW_FIGURES_20260804.ai,8,G1_centroid_movement_split_meta__p3,figures/group1_roundness.py,
newfig,NEW_FIGURES_20260804.ai,8,G1_centroid_movement_split_meta__p4,figures/group1_roundness.py,
newfig,NEW_FIGURES_20260804.ai,8,G1_centroid_movement_split_meta__p5,figures/group1_roundness.py,
newfig,NEW_FIGURES_20260804.ai,8,G1_centroid_movement_split_meta__p6,figures/group1_roundness.py,
0813supp,META_FIGURES_20260813_supplemental.ai,2,G1_collagen_duration_dist,figures/custom_todo0819_collagen_table_figs.py,Metaphase duration: collagen cells vs triple-ablation quartiles
pub0813,META_FIGURES_20260813_supplemental_PUBLICATION_20260820.ai,4,G1_collagen_duration_dist,figures/custom_todo0819_collagen_table_figs.py,Metaphase duration: collagen cells vs triple-ablation quartiles
pub0814,META_FIGURES_20260814_PUBLICATION_20260820.ai,4,G1_collagen_duration_dist,figures/custom_todo0819_collagen_table_figs.py,Metaphase duration: collagen cells vs triple-ablation quartiles
0813supp,META_FIGURES_20260813_supplemental.ai,2,G1_collagen_duration_percell,figures/custom_todo0819_collagen_table_figs.py,"Every cell behind the collagen/triple duration table, ranked"
pub0813,META_FIGURES_20260813_supplemental_PUBLICATION_20260820.ai,4,G1_collagen_duration_percell,figures/custom_todo0819_collagen_table_figs.py,"Every cell behind the collagen/triple duration table, ranked"
0813supp,META_FIGURES_20260813_supplemental.ai,2,G1_collagen_duration_table,figures/custom_allgroup_violin_and_table_20260817.py,"Collagen metaphase durations, with the fastest and slowest quartile of triple-ablation cells for comparison"
pub0813,META_FIGURES_20260813_supplemental_PUBLICATION_20260820.ai,4,G1_collagen_duration_table,figures/custom_allgroup_violin_and_table_20260817.py,"Collagen metaphase durations, with the fastest and slowest quartile of triple-ablation cells for comparison"
newfig,NEW_FIGURES_20260804.ai,8,G1_imaging_rate_vs_metaphase_unmodified__p1,deck/archived_builders/G1_imaging_rate_vs_metaphase_unmodified__QNEW_imaging_rate_vs_metaphase__unmodified_20260808.py,"Panel 1 of 2 from G1_imaging_rate_vs_metaphase_unmodified. unModified cells, imaging interval from master 'Time Interval (s)'. Four discrete rates are present: 3 s, 20 s, 60 s, 120 s. 'Every minute' = 60 s (n=38); 'more frequently' = 3 s + 20 s (n=24). The 4 cells at 120 s are every TWO minutes -- less frequent than either group -- so they are drawn but held out of the test. 1 min vs faster: Mann-Whitney p = 0.834. Spearman rho = -0.04 (p = 0.73), 60 s + faster only."
0813supp,META_FIGURES_20260813_supplemental.ai,0,G1_imaging_rate_vs_metaphase_unmodified__p2,deck/archived_builders/G1_imaging_rate_vs_metaphase_unmodified__QNEW_imaging_rate_vs_metaphase__unmodified_20260808.py,"Panel 2 of 2 from G1_imaging_rate_vs_metaphase_unmodified. unModified cells, imaging interval from master 'Time Interval (s)'. Four discrete rates are present: 3 s, 20 s, 60 s, 120 s. 'Every minute' = 60 s (n=38); 'more frequently' = 3 s + 20 s (n=24). The 4 cells at 120 s are every TWO minutes -- less frequent than either group -- so they are drawn but held out of the test. 1 min vs faster: Mann-Whitney p = 0.834. Spearman rho = -0.04 (p = 0.73), 60 s + faster only."
pub0813,META_FIGURES_20260813_supplemental_PUBLICATION_20260820.ai,2,G1_imaging_rate_vs_metaphase_unmodified__p2,deck/archived_builders/G1_imaging_rate_vs_metaphase_unmodified__QNEW_imaging_rate_vs_metaphase__unmodified_20260808.py,"Panel 2 of 2 from G1_imaging_rate_vs_metaphase_unmodified. unModified cells, imaging interval from master 'Time Interval (s)'. Four discrete rates are present: 3 s, 20 s, 60 s, 120 s. 'Every minute' = 60 s (n=38); 'more frequently' = 3 s + 20 s (n=24). The 4 cells at 120 s are every TWO minutes -- less frequent than either group -- so they are drawn but held out of the test. 1 min vs faster: Mann-Whitney p = 0.834. Spearman rho = -0.04 (p = 0.73), 60 s + faster only."
0814,META_FIGURES_20260814.ai,4,G1_measure_centroid,figures/custom_todo0819_measure_strips.py,
pub0814,META_FIGURES_20260814_PUBLICATION_20260820.ai,4,G1_measure_centroid,figures/custom_todo0819_measure_strips.py,
pub0814,META_FIGURES_20260814_PUBLICATION_20260820.ai,4,G1_measure_coll3_centroid,figures/custom_todo0819_measure_strips.py,
pub0814,META_FIGURES_20260814_PUBLICATION_20260820.ai,4,G1_measure_coll3_fluor,figures/custom_todo0819_measure_strips.py,
pub0814,META_FIGURES_20260814_PUBLICATION_20260820.ai,4,G1_measure_coll3_outline,figures/custom_todo0819_measure_strips.py,
pub0814,META_FIGURES_20260814_PUBLICATION_20260820.ai,4,G1_measure_coll3_rotation,figures/custom_todo0819_measure_strips.py,
0814,META_FIGURES_20260814.ai,4,G1_measure_fluor,figures/custom_todo0819_measure_strips.py,
pub0814,META_FIGURES_20260814_PUBLICATION_20260820.ai,4,G1_measure_fluor,figures/custom_todo0819_measure_strips.py,
0814,META_FIGURES_20260814.ai,4,G1_measure_outline,figures/custom_todo0819_measure_strips.py,
pub0814,META_FIGURES_20260814_PUBLICATION_20260820.ai,4,G1_measure_outline,figures/custom_todo0819_measure_strips.py,
0814,META_FIGURES_20260814.ai,4,G1_measure_rotation,figures/custom_todo0819_measure_strips.py,
pub0814,META_FIGURES_20260814_PUBLICATION_20260820.ai,4,G1_measure_rotation,figures/custom_todo0819_measure_strips.py,
pub0814,META_FIGURES_20260814_PUBLICATION_20260820.ai,4,G1_measure_traces_centroid,figures/custom_todo0819_measure_strips.py,
pub0814,META_FIGURES_20260814_PUBLICATION_20260820.ai,4,G1_measure_traces_chromo,figures/custom_todo0819_measure_strips.py,
pub0814,META_FIGURES_20260814_PUBLICATION_20260820.ai,4,G1_measure_traces_fluor,figures/custom_todo0819_measure_strips.py,
pub0814,META_FIGURES_20260814_PUBLICATION_20260820.ai,4,G1_measure_traces_outline,figures/custom_todo0819_measure_strips.py,
pub0814,META_FIGURES_20260814_PUBLICATION_20260820.ai,4,G1_measure_traces_rotation,figures/custom_todo0819_measure_strips.py,
pub0814,META_FIGURES_20260814_PUBLICATION_20260820.ai,4,G1_measure_triple3_centroid,figures/custom_todo0819_measure_strips.py,
pub0814,META_FIGURES_20260814_PUBLICATION_20260820.ai,4,G1_measure_triple3_fluor,figures/custom_todo0819_measure_strips.py,
pub0814,META_FIGURES_20260814_PUBLICATION_20260820.ai,4,G1_measure_triple3_outline,figures/custom_todo0819_measure_strips.py,
pub0814,META_FIGURES_20260814_PUBLICATION_20260820.ai,4,G1_measure_triple3_rotation,figures/custom_todo0819_measure_strips.py,
0814,META_FIGURES_20260814.ai,4,G1_meta_ana_pair_candidates,figures/custom_meta_ana_pairs_20260816.py,"Metaphase/anaphase frame pairs, 1 vs 3 sisterless (choosing sheet)"
supp,other_20260820.ai,2,G1_meta_ana_pair_candidates,figures/custom_meta_ana_pairs_20260816.py,"Metaphase/anaphase frame pairs, 1 vs 3 sisterless (choosing sheet)"
newfig,NEW_FIGURES_20260804.ai,8,G1_plate_rotation_combined,figures/group1_roundness.py,Plate rotation — all groups combined
0813supp,META_FIGURES_20260813_supplemental.ai,4,G1_plate_rotation_combined_abl2meta_trendscaled,figures/group1_roundness.py,Plate rotation — all groups combined (trend-scaled)
pub0813,META_FIGURES_20260813_supplemental_PUBLICATION_20260820.ai,4,G1_plate_rotation_combined_abl2meta_trendscaled,figures/group1_roundness.py,Plate rotation — all groups combined (trend-scaled)
0813supp,META_FIGURES_20260813_supplemental.ai,4,G1_plate_rotation_combined_abl2meta_trendscaled_delta,figures/custom_delta_axis_variants_20260816.py,Δ cumulative plate rotation (°) (delta sibling of G1_plate_rotation_combined_abl2meta_trendscaled)
pub0813,META_FIGURES_20260813_supplemental_PUBLICATION_20260820.ai,4,G1_plate_rotation_combined_abl2meta_trendscaled_delta,figures/custom_delta_axis_variants_20260816.py,Δ cumulative plate rotation (°) (delta sibling of G1_plate_rotation_combined_abl2meta_trendscaled)
0813supp,META_FIGURES_20260813_supplemental.ai,4,G1_plate_rotation_combined_meta,figures/group1_roundness.py,Plate rotation — all groups combined
pub0813,META_FIGURES_20260813_supplemental_PUBLICATION_20260820.ai,4,G1_plate_rotation_combined_meta,figures/group1_roundness.py,Plate rotation — all groups combined
0814,META_FIGURES_20260814.ai,4,G1_plate_rotation_combined_meta_trendscaled,figures/group1_roundness.py,Plate rotation — all groups combined (trend-scaled)
supp,other_20260820.ai,0,G1_plate_rotation_combined_meta_trendscaled,figures/group1_roundness.py,Plate rotation — all groups combined (trend-scaled)
0814,META_FIGURES_20260814.ai,4,G1_plate_rotation_combined_meta_trendscaled_delta,figures/custom_delta_axis_variants_20260816.py,Δ cumulative plate rotation (°) (delta sibling of G1_plate_rotation_combined_meta_trendscaled)
pub0814,META_FIGURES_20260814_PUBLICATION_20260820.ai,4,G1_plate_rotation_combined_meta_trendscaled_delta,figures/custom_delta_axis_variants_20260816.py,Δ cumulative plate rotation (°) (delta sibling of G1_plate_rotation_combined_meta_trendscaled)
pub0814,META_FIGURES_20260814_PUBLICATION_20260820.ai,4,G1_plate_rotation_combined_meta_trendscaled_delta_collagen_vs_3,figures/custom_delta_axis_variants_20260816.py,Δ cumulative plate rotation (°) (delta sibling of G1_plate_rotation_combined_meta_trendscaled)
pub0814,META_FIGURES_20260814_PUBLICATION_20260820.ai,4,G1_plate_rotation_combined_meta_trendscaled_delta_nocollagen,figures/custom_delta_axis_variants_20260816.py,Δ cumulative plate rotation (°) (delta sibling of G1_plate_rotation_combined_meta_trendscaled)
newfig,NEW_FIGURES_20260804.ai,8,G1_plate_rotation_split__p1,figures/group1_roundness.py,
newfig,NEW_FIGURES_20260804.ai,8,G1_plate_rotation_split__p2,figures/group1_roundness.py,
newfig,NEW_FIGURES_20260804.ai,8,G1_plate_rotation_split__p3,figures/group1_roundness.py,
newfig,NEW_FIGURES_20260804.ai,8,G1_plate_rotation_split__p4,figures/group1_roundness.py,
newfig,NEW_FIGURES_20260804.ai,8,G1_plate_rotation_split__p5,figures/group1_roundness.py,
newfig,NEW_FIGURES_20260804.ai,8,G1_plate_rotation_split__p6,figures/group1_roundness.py,
newfig,NEW_FIGURES_20260804.ai,8,G1_plate_rotation_split_meta__p1,figures/group1_roundness.py,
newfig,NEW_FIGURES_20260804.ai,8,G1_plate_rotation_split_meta__p2,figures/group1_roundness.py,
newfig,NEW_FIGURES_20260804.ai,8,G1_plate_rotation_split_meta__p3,figures/group1_roundness.py,
newfig,NEW_FIGURES_20260804.ai,8,G1_plate_rotation_split_meta__p4,figures/group1_roundness.py,
newfig,NEW_FIGURES_20260804.ai,8,G1_plate_rotation_split_meta__p5,figures/group1_roundness.py,
newfig,NEW_FIGURES_20260804.ai,8,G1_plate_rotation_split_meta__p6,figures/group1_roundness.py,
0813supp,META_FIGURES_20260813_supplemental.ai,4,G1_roundness_collagen_vs_pooled_abl2meta,figures/group1_roundness.py,Cell roundness — collagen vs every other group pooled into one line
pub0813,META_FIGURES_20260813_supplemental_PUBLICATION_20260820.ai,4,G1_roundness_collagen_vs_pooled_abl2meta,figures/group1_roundness.py,Cell roundness — collagen vs every other group pooled into one line
0814,META_FIGURES_20260814.ai,4,G1_roundness_collagen_vs_pooled_meta,figures/group1_roundness.py,Cell roundness — collagen vs every other group pooled into one line
supp,other_20260820.ai,0,G1_roundness_collagen_vs_pooled_meta,figures/group1_roundness.py,Cell roundness — collagen vs every other group pooled into one line
newfig,NEW_FIGURES_20260804.ai,6,G1_roundness_combined,figures/group1_roundness.py,Cell roundness — all groups combined
0813supp,META_FIGURES_20260813_supplemental.ai,4,G1_roundness_combined_abl2meta_trendscaled,figures/group1_roundness.py,Cell roundness — all groups combined (trend-scaled)
pub0813,META_FIGURES_20260813_supplemental_PUBLICATION_20260820.ai,4,G1_roundness_combined_abl2meta_trendscaled,figures/group1_roundness.py,Cell roundness — all groups combined (trend-scaled)
0813supp,META_FIGURES_20260813_supplemental.ai,4,G1_roundness_combined_abl2meta_trendscaled_delta,figures/custom_delta_axis_variants_20260816.py,Δ roundness (delta sibling of G1_roundness_combined_abl2meta_trendscaled)
pub0813,META_FIGURES_20260813_supplemental_PUBLICATION_20260820.ai,4,G1_roundness_combined_abl2meta_trendscaled_delta,figures/custom_delta_axis_variants_20260816.py,Δ roundness (delta sibling of G1_roundness_combined_abl2meta_trendscaled)
newfig,NEW_FIGURES_20260804.ai,6,G1_roundness_combined_meta,figures/group1_roundness.py,Cell roundness — all groups combined
0814,META_FIGURES_20260814.ai,4,G1_roundness_combined_meta_trendscaled,figures/group1_roundness.py,Cell roundness — all groups combined (trend-scaled)
newfig,NEW_FIGURES_20260804.ai,6,G1_roundness_combined_meta_trendscaled,figures/group1_roundness.py,Cell roundness — all groups combined (trend-scaled)
supp,other_20260820.ai,0,G1_roundness_combined_meta_trendscaled,figures/group1_roundness.py,Cell roundness — all groups combined (trend-scaled)
0814,META_FIGURES_20260814.ai,4,G1_roundness_combined_meta_trendscaled_delta,figures/custom_delta_axis_variants_20260816.py,Δ roundness (delta sibling of G1_roundness_combined_meta_trendscaled)
pub0814,META_FIGURES_20260814_PUBLICATION_20260820.ai,4,G1_roundness_combined_meta_trendscaled_delta,figures/custom_delta_axis_variants_20260816.py,Δ roundness (delta sibling of G1_roundness_combined_meta_trendscaled)
pub0814,META_FIGURES_20260814_PUBLICATION_20260820.ai,4,G1_roundness_combined_meta_trendscaled_delta_collagen_vs_3,figures/custom_delta_axis_variants_20260816.py,Δ roundness (delta sibling of G1_roundness_combined_meta_trendscaled)
pub0814,META_FIGURES_20260814_PUBLICATION_20260820.ai,4,G1_roundness_combined_meta_trendscaled_delta_nocollagen,figures/custom_delta_axis_variants_20260816.py,Δ roundness (delta sibling of G1_roundness_combined_meta_trendscaled)
newfig,NEW_FIGURES_20260804.ai,6,G1_roundness_split__p1,figures/group1_roundness.py,Panel 1 of 6 from G1_roundness_split. Cell roundness split by group
newfig,NEW_FIGURES_20260804.ai,6,G1_roundness_split__p2,figures/group1_roundness.py,Panel 2 of 6 from G1_roundness_split. Cell roundness split by group
newfig,NEW_FIGURES_20260804.ai,6,G1_roundness_split__p3,figures/group1_roundness.py,Panel 3 of 6 from G1_roundness_split. Cell roundness split by group
newfig,NEW_FIGURES_20260804.ai,6,G1_roundness_split__p4,figures/group1_roundness.py,Panel 4 of 6 from G1_roundness_split. Cell roundness split by group
newfig,NEW_FIGURES_20260804.ai,6,G1_roundness_split__p5,figures/group1_roundness.py,Panel 5 of 6 from G1_roundness_split. Cell roundness split by group
newfig,NEW_FIGURES_20260804.ai,6,G1_roundness_split__p6,figures/group1_roundness.py,Panel 6 of 6 from G1_roundness_split. Cell roundness split by group
newfig,NEW_FIGURES_20260804.ai,7,G1_roundness_split_meta__p1,figures/group1_roundness.py,Panel 1 of 6 from G1_roundness_split_meta. Cell roundness split by group
newfig,NEW_FIGURES_20260804.ai,7,G1_roundness_split_meta__p2,figures/group1_roundness.py,Panel 2 of 6 from G1_roundness_split_meta. Cell roundness split by group
newfig,NEW_FIGURES_20260804.ai,7,G1_roundness_split_meta__p3,figures/group1_roundness.py,Panel 3 of 6 from G1_roundness_split_meta. Cell roundness split by group
newfig,NEW_FIGURES_20260804.ai,7,G1_roundness_split_meta__p4,figures/group1_roundness.py,Panel 4 of 6 from G1_roundness_split_meta. Cell roundness split by group
newfig,NEW_FIGURES_20260804.ai,7,G1_roundness_split_meta__p5,figures/group1_roundness.py,Panel 5 of 6 from G1_roundness_split_meta. Cell roundness split by group
newfig,NEW_FIGURES_20260804.ai,7,G1_roundness_split_meta__p6,figures/group1_roundness.py,Panel 6 of 6 from G1_roundness_split_meta. Cell roundness split by group
newfig,NEW_FIGURES_20260804.ai,7,G1_roundness_split_meta_trendscaled__p1,figures/group1_roundness.py,Panel 1 of 6 from G1_roundness_split_meta_trendscaled. Cell roundness split by group (trend-scaled)
newfig,NEW_FIGURES_20260804.ai,7,G1_roundness_split_meta_trendscaled__p2,figures/group1_roundness.py,Panel 2 of 6 from G1_roundness_split_meta_trendscaled. Cell roundness split by group (trend-scaled)
newfig,NEW_FIGURES_20260804.ai,7,G1_roundness_split_meta_trendscaled__p3,figures/group1_roundness.py,Panel 3 of 6 from G1_roundness_split_meta_trendscaled. Cell roundness split by group (trend-scaled)
newfig,NEW_FIGURES_20260804.ai,7,G1_roundness_split_meta_trendscaled__p4,figures/group1_roundness.py,Panel 4 of 6 from G1_roundness_split_meta_trendscaled. Cell roundness split by group (trend-scaled)
newfig,NEW_FIGURES_20260804.ai,7,G1_roundness_split_meta_trendscaled__p5,figures/group1_roundness.py,Panel 5 of 6 from G1_roundness_split_meta_trendscaled. Cell roundness split by group (trend-scaled)
newfig,NEW_FIGURES_20260804.ai,7,G1_roundness_split_meta_trendscaled__p6,figures/group1_roundness.py,Panel 6 of 6 from G1_roundness_split_meta_trendscaled. Cell roundness split by group (trend-scaled)
newfig,NEW_FIGURES_20260804.ai,7,G1_roundness_split_trendscaled__p1,figures/group1_roundness.py,Panel 1 of 6 from G1_roundness_split_trendscaled. Cell roundness split by group (trend-scaled)
newfig,NEW_FIGURES_20260804.ai,7,G1_roundness_split_trendscaled__p2,figures/group1_roundness.py,Panel 2 of 6 from G1_roundness_split_trendscaled. Cell roundness split by group (trend-scaled)
newfig,NEW_FIGURES_20260804.ai,7,G1_roundness_split_trendscaled__p3,figures/group1_roundness.py,Panel 3 of 6 from G1_roundness_split_trendscaled. Cell roundness split by group (trend-scaled)
newfig,NEW_FIGURES_20260804.ai,7,G1_roundness_split_trendscaled__p4,figures/group1_roundness.py,Panel 4 of 6 from G1_roundness_split_trendscaled. Cell roundness split by group (trend-scaled)
newfig,NEW_FIGURES_20260804.ai,7,G1_roundness_split_trendscaled__p5,figures/group1_roundness.py,Panel 5 of 6 from G1_roundness_split_trendscaled. Cell roundness split by group (trend-scaled)
newfig,NEW_FIGURES_20260804.ai,7,G1_roundness_split_trendscaled__p6,figures/group1_roundness.py,Panel 6 of 6 from G1_roundness_split_trendscaled. Cell roundness split by group (trend-scaled)
0814,META_FIGURES_20260814.ai,4,G1_shape_rate_table,figures/custom_todo0819_rate_table.py,"Average rate of change over metaphase, by group, in four categories"
pub0813,META_FIGURES_20260813_supplemental_PUBLICATION_20260820.ai,7,G1_shape_rate_table,figures/custom_todo0819_rate_table.py,"Average rate of change over metaphase, by group, in four categories"
supp,other_20260820.ai,0,G1_shape_rate_vs_congression,figures/custom_plots_to_make_part2_20260722.py,Cell shape-change rate vs congression outcome (plots-to-make #1)
newfig,NEW_FIGURES_20260804.ai,3,G1_shape_rate_vs_polar_fraction,figures/custom_metafig_subitems_20260729.py,Shape-change rate vs the fraction of kinetochores that stayed polar
0813supp,META_FIGURES_20260813_supplemental.ai,4,G1_start_rounded_metaphase,figures/group1_roundness.py,Does shape at metaphase onset affect metaphase duration?
pub0813,META_FIGURES_20260813_supplemental_PUBLICATION_20260820.ai,4,G1_start_rounded_metaphase,figures/group1_roundness.py,Does shape at metaphase onset affect metaphase duration?
newfig,NEW_FIGURES_20260804.ai,7,G1_start_rounded_metaphase_statgrid,figures/group1_roundness.py,Per-group Spearman stats grid — Shape at metaphase onset vs metaphase duration
newfig,NEW_FIGURES_20260804.ai,7,G1_start_rounded_vs_duration,figures/group1_roundness.py,Do cells that start rounded finish mitosis faster? (first outline)
newfig,NEW_FIGURES_20260804.ai,4,G1_start_rounded_vs_duration_statgrid,figures/group1_roundness.py,Per-group Spearman stats grid — Start-rounded (first outline) vs metaphase duration
supp,other_20260820.ai,1,G1_statgrid,figures/group1_build.py,Pairwise Mann-Whitney U across cohorts
supp,other_20260820.ai,7,G1_survival,figures/group1_build.py,Time-to-anaphase survival by cohort
0813supp,META_FIGURES_20260813_supplemental.ai,2,G1_violin1_attempts_vs_duration__p1,figures/group1_build.py,Panel 1 of 2 from G1_violin1_attempts_vs_duration. Ablation attempts vs metaphase duration
newfig,NEW_FIGURES_20260804.ai,4,G1_violin1_attempts_vs_duration__p1,figures/group1_build.py,Panel 1 of 2 from G1_violin1_attempts_vs_duration. Ablation attempts vs metaphase duration
pub0813,META_FIGURES_20260813_supplemental_PUBLICATION_20260820.ai,2,G1_violin1_attempts_vs_duration__p1,figures/group1_build.py,Panel 1 of 2 from G1_violin1_attempts_vs_duration. Ablation attempts vs metaphase duration
0813supp,META_FIGURES_20260813_supplemental.ai,2,G1_violin1_attempts_vs_duration__p2,figures/group1_build.py,Panel 2 of 2 from G1_violin1_attempts_vs_duration. Ablation attempts vs metaphase duration
newfig,NEW_FIGURES_20260804.ai,4,G1_violin1_attempts_vs_duration__p2,figures/group1_build.py,Panel 2 of 2 from G1_violin1_attempts_vs_duration. Ablation attempts vs metaphase duration
pub0813,META_FIGURES_20260813_supplemental_PUBLICATION_20260820.ai,2,G1_violin1_attempts_vs_duration__p2,figures/group1_build.py,Panel 2 of 2 from G1_violin1_attempts_vs_duration. Ablation attempts vs metaphase duration
0813supp,META_FIGURES_20260813_supplemental.ai,2,G1_violin2_all_cohorts,figures/custom_allgroup_violin_and_table_20260817.py,"Metaphase duration by cohort — four-ablation, two-hits-on-one-kinetochore and collagen shown alongside every normal cohort"
pub0813,META_FIGURES_20260813_supplemental_PUBLICATION_20260820.ai,1,G1_violin2_all_cohorts,figures/custom_allgroup_violin_and_table_20260817.py,"Metaphase duration by cohort — four-ablation, two-hits-on-one-kinetochore and collagen shown alongside every normal cohort"
newfig,NEW_FIGURES_20260804.ai,4,G1_violin2_mitotic_duration,figures/g1_violin2.py,Violin 2 — metaphase duration by cohort (with matched controls)
0813supp,META_FIGURES_20260813_supplemental.ai,2,G1_violin2_mitotic_duration_journal,figures/g1_violin2.py,Violin 2 — metaphase duration by cohort (with matched controls)
pub0813,META_FIGURES_20260813_supplemental_PUBLICATION_20260820.ai,1,G1_violin2_mitotic_duration_journal,figures/g1_violin2.py,Violin 2 — metaphase duration by cohort (with matched controls)
newfig,NEW_FIGURES_20260804.ai,3,G1_violin2_mitotic_duration_journal_statgrid,figures/g1_violin2.py,Pairwise Mann-Whitney U — Violin 2 — metaphase duration by cohort (with matched controls)
newfig,NEW_FIGURES_20260804.ai,4,G1_violin2_no_dc_offtarget,figures/g1_violin2.py,Violin 2 — sisterless groups + matched off-target only
0814,META_FIGURES_20260814.ai,2,G1_violin2_no_dc_offtarget_journal,figures/g1_violin2.py,Violin 2 — sisterless groups + matched off-target only
pub0814,META_FIGURES_20260814_PUBLICATION_20260820.ai,2,G1_violin2_no_dc_offtarget_journal,figures/g1_violin2.py,Violin 2 — sisterless groups + matched off-target only
newfig,NEW_FIGURES_20260804.ai,4,G1_violin2_sisterless_1234,figures/g1_violin2.py,Violin 2 — metaphase duration by cohort
supp,other_20260820.ai,1,G1_violin2_sisterless_1234_journal,figures/g1_violin2.py,Violin 2 — metaphase duration by cohort
supp,other_20260820.ai,1,G1_violin2_sisterless_1234_journal_zoom,figures/figures/G1_violin2_sisterless_1234.py,Violin 2 statistical grid — Mann–Whitney U (metaphase duration)  [RETIRED]
newfig,NEW_FIGURES_20260804.ai,5,G1_violin2_statgrid,figures/g1_violin2.py,[RETIRED] Pairwise Mann-Whitney U across the main violin cohorts — 4-sisterless too small
newfig,NEW_FIGURES_20260804.ai,3,G1_violin_double_chromosome,figures/custom_double_chromosome_violin_20260722.py,"Double-chromosome cohort, metaphase duration (restored 2026-07-22; relabelled from 'mitotic' 2026-07-29 — identical values to G2_..._meta)"
newfig,NEW_FIGURES_20260804.ai,4,G2_abl_to_meta_1sis_prometaphase,figures/group2_build.py,Single (1-)sisterless prometaphase: ablation->metaphase vs metaphase duration
newfig,NEW_FIGURES_20260804.ai,4,G2_abl_to_meta_1sis_prophase,figures/group2_build.py,Single (1-)sisterless prophase: ablation->metaphase vs metaphase duration
0813supp,META_FIGURES_20260813_supplemental.ai,0,G2_ablmeta_vs_duration_single,figures/custom_abl_to_meta_vs_duration_20260805.py,Prometaphase ablations: ablation-to-metaphase interval vs metaphase duration (single)
pub0813,META_FIGURES_20260813_supplemental_PUBLICATION_20260820.ai,2,G2_ablmeta_vs_duration_single,figures/custom_abl_to_meta_vs_duration_20260805.py,Prometaphase ablations: ablation-to-metaphase interval vs metaphase duration (single)
0813supp,META_FIGURES_20260813_supplemental.ai,0,G2_ablmeta_vs_duration_triple,figures/custom_abl_to_meta_vs_duration_20260805.py,Prometaphase ablations: ablation-to-metaphase interval vs metaphase duration (triple)
pub0813,META_FIGURES_20260813_supplemental_PUBLICATION_20260820.ai,2,G2_ablmeta_vs_duration_triple,figures/custom_abl_to_meta_vs_duration_20260805.py,Prometaphase ablations: ablation-to-metaphase interval vs metaphase duration (triple)
0814,META_FIGURES_20260814.ai,4,G2_dur_align_to_meta_journal,figures/group2_build.py,Duration violin — First Alignment to Metaphase
pub0814,META_FIGURES_20260814_PUBLICATION_20260820.ai,4,G2_dur_align_to_meta_journal,figures/group2_build.py,Duration violin — First Alignment to Metaphase
0814,META_FIGURES_20260814.ai,8,G2_dur_ana_to_cyto_journal,figures/group2_build.py,Duration violin — Anaphase to Cytokinesis
pub0814,META_FIGURES_20260814_PUBLICATION_20260820.ai,8,G2_dur_ana_to_cyto_journal,figures/group2_build.py,Duration violin — Anaphase to Cytokinesis
supp,other_20260820.ai,1,G2_dur_neb_to_meta_journal,figures/group2_build.py,Duration violin — NEBD to Metaphase
newfig,NEW_FIGURES_20260804.ai,4,G2_duration_combined__p1,figures/group2_build.py,Panel 1 of 4 from G2_duration_combined. Duration comparisons — 4-panel combined
newfig,NEW_FIGURES_20260804.ai,4,G2_duration_combined__p2,figures/group2_build.py,Panel 2 of 4 from G2_duration_combined. Duration comparisons — 4-panel combined
newfig,NEW_FIGURES_20260804.ai,4,G2_duration_combined__p3,figures/group2_build.py,Panel 3 of 4 from G2_duration_combined. Duration comparisons — 4-panel combined
newfig,NEW_FIGURES_20260804.ai,4,G2_duration_combined__p4,figures/group2_build.py,Panel 4 of 4 from G2_duration_combined. Duration comparisons — 4-panel combined
newfig,NEW_FIGURES_20260804.ai,4,G2_duration_statgrid__p1,figures/group2_build.py,Panel 1 of 4 from G2_duration_statgrid. Duration stat grids
supp,other_20260820.ai,1,G2_duration_statgrid__p1,figures/group2_build.py,Panel 1 of 4 from G2_duration_statgrid. Duration stat grids
newfig,NEW_FIGURES_20260804.ai,4,G2_duration_statgrid__p2,figures/group2_build.py,Panel 2 of 4 from G2_duration_statgrid. Duration stat grids
supp,other_20260820.ai,1,G2_duration_statgrid__p2,figures/group2_build.py,Panel 2 of 4 from G2_duration_statgrid. Duration stat grids
newfig,NEW_FIGURES_20260804.ai,4,G2_duration_statgrid__p3,figures/group2_build.py,Panel 3 of 4 from G2_duration_statgrid. Duration stat grids
supp,other_20260820.ai,1,G2_duration_statgrid__p3,figures/group2_build.py,Panel 3 of 4 from G2_duration_statgrid. Duration stat grids
newfig,NEW_FIGURES_20260804.ai,4,G2_duration_statgrid__p4,figures/group2_build.py,Panel 4 of 4 from G2_duration_statgrid. Duration stat grids
supp,other_20260820.ai,1,G2_duration_statgrid__p4,figures/group2_build.py,Panel 4 of 4 from G2_duration_statgrid. Duration stat grids
0814,META_FIGURES_20260814.ai,9,G2_kk_distance_by_phase,figures/group2_kk.py,"KK distance per pre-ablation sister pair, by ablation phase"
pub0814,META_FIGURES_20260814_PUBLICATION_20260820.ai,9,G2_kk_distance_by_phase,figures/group2_kk.py,"KK distance per pre-ablation sister pair, by ablation phase"
newfig,NEW_FIGURES_20260804.ai,5,G2_kk_distance_percell,figures/group2_kk.py,Average KK distance per cell (1/2/3-sisterless) by ablation phase
supp,other_20260820.ai,1,G2_metaphase_ablated,figures/group2_metaphase_ablated.py,Metaphase-ablated samples: metaphase duration by sisterless group
supp,other_20260820.ai,6,G2_metaphase_ablated_abltometa__p1,figures/group2_metaphase_ablated.py,Panel 1 of 2 from G2_metaphase_ablated_abltometa. Metaphase-ablated: does ablating later in metaphase shorten the remaining metaphase?
supp,other_20260820.ai,6,G2_metaphase_ablated_abltometa__p2,figures/group2_metaphase_ablated.py,Panel 2 of 2 from G2_metaphase_ablated_abltometa. Metaphase-ablated: does ablating later in metaphase shorten the remaining metaphase?
newfig,NEW_FIGURES_20260804.ai,5,G2_metaphase_dynamics_prometa,figures/group2_build.py,"Metaphase dynamics — prophase+prometaphase ablations, coded by group (v2 binning)"
0813supp,META_FIGURES_20260813_supplemental.ai,2,G2_metaphase_early_vs_late_ablation__p1,figures/custom_metaphase_early_late_20260804.py,"Panel 1 of 2 from G2_metaphase_early_vs_late_ablation. Early vs late metaphase ablation, including rescued text-labelled batches"
pub0813,META_FIGURES_20260813_supplemental_PUBLICATION_20260820.ai,1,G2_metaphase_early_vs_late_ablation__p1,figures/custom_metaphase_early_late_20260804.py,"Panel 1 of 2 from G2_metaphase_early_vs_late_ablation. Early vs late metaphase ablation, including rescued text-labelled batches"
0814,META_FIGURES_20260814.ai,9,G2_noc_washout_vs_prophase,figures/custom_noc_washout_v2_20260722.py,"Noc washout by # sisterless KTs, and vs prophase/prometaphase ablation (combined)"
pub0814,META_FIGURES_20260814_PUBLICATION_20260820.ai,9,G2_noc_washout_vs_prophase,figures/custom_noc_washout_v2_20260722.py,"Noc washout by # sisterless KTs, and vs prophase/prometaphase ablation (combined)"
0813supp,META_FIGURES_20260813_supplemental.ai,9,G2_phase_split_statgrid,figures/group2_build.py,Phase-split stat grid
pub0813,META_FIGURES_20260813_supplemental_PUBLICATION_20260820.ai,9,G2_phase_split_statgrid,figures/group2_build.py,Phase-split stat grid
newfig,NEW_FIGURES_20260804.ai,5,G2_phase_split_violin,figures/group2_build.py,Phase-split metaphase duration
supp,other_20260820.ai,2,G2_phase_split_violin_v2_tripledouble_journal,figures/group2_build.py,Phase-split metaphase duration (v2)
supp,other_20260820.ai,2,G2_prometaphase_dynamics,figures/group2_prophase_dynamics.py,Prometaphase-ablation: ablation position on the cell's normalised metaphase scale
newfig,NEW_FIGURES_20260804.ai,5,G2_prophase_dynamics__p1,figures/group2_prophase_dynamics.py,Panel 1 of 2 from G2_prophase_dynamics. Prophase-ablation: abl->NEBD and abl->meta vs metaphase duration
newfig,NEW_FIGURES_20260804.ai,5,G2_prophase_dynamics__p2,figures/group2_prophase_dynamics.py,Panel 2 of 2 from G2_prophase_dynamics. Prophase-ablation: abl->NEBD and abl->meta vs metaphase duration
supp,other_20260820.ai,2,G2_prophase_dynamics_zoom,figures/group2_prophase_dynamics.py,"Prophase-ablation abl-to-metaphase vs metaphase duration (zoom, panel B only)"
0814,META_FIGURES_20260814.ai,5,G2_trend_single_vs_triple,figures/custom_plots_to_make_part2_20260722.py,"Chromosome length by outcome (at plate / congressed / stayed polar), 1 vs 3 sisterless"
pub0814,META_FIGURES_20260814_PUBLICATION_20260820.ai,5,G2_trend_single_vs_triple,figures/custom_plots_to_make_part2_20260722.py,"Chromosome length by outcome (at plate / congressed / stayed polar), 1 vs 3 sisterless"
supp,other_20260820.ai,4,G3_ablation_location_vs_platefate__p1,figures/custom_ablation_location_vs_behavior.py,Panel 1 of 2 from G3_ablation_location_vs_platefate. Sisterless-KT location at ablation vs EVER leaving the plate
supp,other_20260820.ai,4,G3_ablation_location_vs_platefate__p2,figures/custom_ablation_location_vs_behavior.py,Panel 2 of 2 from G3_ablation_location_vs_platefate. Sisterless-KT location at ablation vs EVER leaving the plate
supp,other_20260820.ai,4,G3_ablation_location_vs_recongression__p1,figures/custom_ablation_location_vs_behavior.py,Panel 1 of 2 from G3_ablation_location_vs_recongression. Sisterless-KT location at ablation vs RECOVERY among displaced KTs
supp,other_20260820.ai,4,G3_ablation_location_vs_recongression__p2,figures/custom_ablation_location_vs_behavior.py,Panel 2 of 2 from G3_ablation_location_vs_recongression. Sisterless-KT location at ablation vs RECOVERY among displaced KTs
0813supp,META_FIGURES_20260813_supplemental.ai,9,G3_chromo_length,figures/group3_build.py,Sisterless chromosome length vs metaphase duration
pub0813,META_FIGURES_20260813_supplemental_PUBLICATION_20260820.ai,5;9,G3_chromo_length,figures/group3_build.py,Sisterless chromosome length vs metaphase duration
newfig,NEW_FIGURES_20260804.ai,5,G3_chromo_length_bysister,figures/group3_build.py,"Chromosome length vs duration, trend per sisterless group"
newfig,NEW_FIGURES_20260804.ai,5,G3_chromo_length_percell,figures/group3_build.py,Per-cell mean chromosome length vs duration
newfig,NEW_FIGURES_20260804.ai,5,G3_chromo_length_percell_1sis,figures/group3_build.py,"Per-cell mean chromosome length vs duration — 1-sisterless only, per-phase trend"
newfig,NEW_FIGURES_20260804.ai,5,G3_chromo_length_percell_bysister,figures/group3_build.py,"Per-cell mean chromosome length vs duration, trend per sisterless group"
newfig,NEW_FIGURES_20260804.ai,6,G3_chromo_length_percell_bysister_1sis,figures/group3_build.py,"Per-cell mean chromosome length vs duration — 1-sisterless only, sisterless-group trend"
newfig,NEW_FIGURES_20260804.ai,6,G3_congression_fraction,figures/group3_build.py,Per-cell fraction of sisterless KTs reaching the plate
newfig,NEW_FIGURES_20260804.ai,8,G3_congression_hazard_over_metaphase__p1,figures/custom_congression_dynamics_20260804.py,"Panel 1 of 2 from G3_congression_hazard_over_metaphase. Congression hazard across metaphase, single vs triple"
newfig,NEW_FIGURES_20260804.ai,8,G3_congression_hazard_over_metaphase__p2,figures/custom_congression_dynamics_20260804.py,"Panel 2 of 2 from G3_congression_hazard_over_metaphase. Congression hazard across metaphase, single vs triple"
0813supp,META_FIGURES_20260813_supplemental.ai,9,G3_creation_phase_vs_behavior,figures/custom_creation_time_vs_behavior.py,Creation phase vs behavior (4 groups)
pub0813,META_FIGURES_20260813_supplemental_PUBLICATION_20260820.ai,9,G3_creation_phase_vs_behavior,figures/custom_creation_time_vs_behavior.py,Creation phase vs behavior (4 groups)
newfig,NEW_FIGURES_20260804.ai,6,G3_edge_distance__p1,figures/group3_build.py,Panel 1 of 3 from G3_edge_distance. Ablation edge distance vs duration
newfig,NEW_FIGURES_20260804.ai,6,G3_edge_distance__p2,figures/group3_build.py,Panel 2 of 3 from G3_edge_distance. Ablation edge distance vs duration
newfig,NEW_FIGURES_20260804.ai,6,G3_edge_distance__p3,figures/group3_build.py,Panel 3 of 3 from G3_edge_distance. Ablation edge distance vs duration
0814,META_FIGURES_20260814.ai,5,G3_kt_fate,figures/group3_build.py,KT fate categorization
pub0814,META_FIGURES_20260814_PUBLICATION_20260820.ai,5,G3_kt_fate,figures/group3_build.py,KT fate categorization
supp,other_20260820.ai,2,G3_lagging_behavior_composition,figures/custom_lagging_vs_congression.py,Congression-timing composition by lagging
0814,META_FIGURES_20260814.ai,9,G3_lagging_by_creation_phase,figures/custom_creation_time_vs_behavior.py,Lagging likelihood by creation phase and ablation number
pub0814,META_FIGURES_20260814_PUBLICATION_20260820.ai,9,G3_lagging_by_creation_phase,figures/custom_creation_time_vs_behavior.py,Lagging likelihood by creation phase and ablation number
0813supp,META_FIGURES_20260813_supplemental.ai,7,G3_lagging_vs_congression_balance,figures/custom_lagging_congression_doubleablation_split_20260803.py,"Lagging likelihood vs fraction congressed, with double-ablation cell(s) split out (plots-to-make #13, rebuilt 2026-08-03 for feedback M2-02)"
pub0813,META_FIGURES_20260813_supplemental_PUBLICATION_20260820.ai,7,G3_lagging_vs_congression_balance,figures/custom_lagging_congression_doubleablation_split_20260803.py,"Lagging likelihood vs fraction congressed, with double-ablation cell(s) split out (plots-to-make #13, rebuilt 2026-08-03 for feedback M2-02)"
newfig,NEW_FIGURES_20260804.ai,8,G3_lagging_vs_congression_simple__p1,figures/custom_lagging_congression_doubleablation_split_20260803.py,"Panel 1 of 2 from G3_lagging_vs_congression_simple. Lagging vs congression / at-plate, split single vs triple (simplified)"
newfig,NEW_FIGURES_20260804.ai,8,G3_lagging_vs_congression_simple__p2,figures/custom_lagging_congression_doubleablation_split_20260803.py,"Panel 2 of 2 from G3_lagging_vs_congression_simple. Lagging vs congression / at-plate, split single vs triple (simplified)"
supp,other_20260820.ai,3,G3_lagging_vs_congression_timing__p1,figures/custom_lagging_vs_congression.py,Panel 1 of 2 from G3_lagging_vs_congression_timing. Congression timing vs lagging
supp,other_20260820.ai,3,G3_lagging_vs_congression_timing__p2,figures/custom_lagging_vs_congression.py,Panel 2 of 2 from G3_lagging_vs_congression_timing. Congression timing vs lagging
newfig,NEW_FIGURES_20260804.ai,8,G3_lagging_vs_congression_timing_fraction,figures/custom_lagging_vs_congression.py,"Latest congression as a fraction of metaphase, lagging vs no lagging"
supp,other_20260820.ai,3,G3_length_by_behavior,figures/custom_length_congression_outcomes.py,Length by behavior
0813supp,META_FIGURES_20260813_supplemental.ai,7,G3_length_sum_vs_metaphase__p1,figures/custom_length_spread_20260722.py,Panel 1 of 2 from G3_length_sum_vs_metaphase. Does a bigger TOTAL sisterless chromosome load prolong metaphase? — split by sisterless number
pub0813,META_FIGURES_20260813_supplemental_PUBLICATION_20260820.ai,7,G3_length_sum_vs_metaphase__p1,figures/custom_length_spread_20260722.py,Panel 1 of 2 from G3_length_sum_vs_metaphase. Does a bigger TOTAL sisterless chromosome load prolong metaphase? — split by sisterless number
0813supp,META_FIGURES_20260813_supplemental.ai,7,G3_length_sum_vs_metaphase__p2,figures/custom_length_spread_20260722.py,Panel 2 of 2 from G3_length_sum_vs_metaphase. Does a bigger TOTAL sisterless chromosome load prolong metaphase? — split by sisterless number
pub0813,META_FIGURES_20260813_supplemental_PUBLICATION_20260820.ai,7,G3_length_sum_vs_metaphase__p2,figures/custom_length_spread_20260722.py,Panel 2 of 2 from G3_length_sum_vs_metaphase. Does a bigger TOTAL sisterless chromosome load prolong metaphase? — split by sisterless number
0814,META_FIGURES_20260814.ai,5,G3_length_vs_congression_time__p1,figures/custom_new_figures_20260804.py,Panel 1 of 2 from G3_length_vs_congression_time. Chromosome length vs time and fraction of metaphase taken to congress
pub0814,META_FIGURES_20260814_PUBLICATION_20260820.ai,5,G3_length_vs_congression_time__p1,figures/custom_new_figures_20260804.py,Panel 1 of 2 from G3_length_vs_congression_time. Chromosome length vs time and fraction of metaphase taken to congress
0813supp,META_FIGURES_20260813_supplemental.ai,5,G3_length_vs_congression_time__p2,figures/custom_new_figures_20260804.py,Panel 2 of 2 from G3_length_vs_congression_time. Chromosome length vs time and fraction of metaphase taken to congress
pub0813,META_FIGURES_20260813_supplemental_PUBLICATION_20260820.ai,5,G3_length_vs_congression_time__p2,figures/custom_new_figures_20260804.py,Panel 2 of 2 from G3_length_vs_congression_time. Chromosome length vs time and fraction of metaphase taken to congress
newfig,NEW_FIGURES_20260804.ai,8,G3_length_vs_congression_timing_by_group__p1,figures/custom_congression_dynamics_20260804.py,"Panel 1 of 2 from G3_length_vs_congression_timing_by_group. Chromosome length vs congression timing, by ablation number"
newfig,NEW_FIGURES_20260804.ai,8,G3_length_vs_congression_timing_by_group__p2,figures/custom_congression_dynamics_20260804.py,"Panel 2 of 2 from G3_length_vs_congression_timing_by_group. Chromosome length vs congression timing, by ablation number"
supp,other_20260820.ai,2,G3_max_congression_delay_vs_metaphase_duration,figures/custom_max_congression_delay_20260722.py,Max congression delay vs metaphase duration (validated reconstruction 2026-07-22)
0813supp,META_FIGURES_20260813_supplemental.ai,4,G3_origin_position__p1,figures/group3_build.py,Panel 1 of 3 from G3_origin_position. Origin-normalized ablation position
newfig,NEW_FIGURES_20260804.ai,6,G3_origin_position__p1,figures/group3_build.py,Panel 1 of 3 from G3_origin_position. Origin-normalized ablation position
pub0813,META_FIGURES_20260813_supplemental_PUBLICATION_20260820.ai,4,G3_origin_position__p1,figures/group3_build.py,Panel 1 of 3 from G3_origin_position. Origin-normalized ablation position
0813supp,META_FIGURES_20260813_supplemental.ai,4,G3_origin_position__p2,figures/group3_build.py,Panel 2 of 3 from G3_origin_position. Origin-normalized ablation position
newfig,NEW_FIGURES_20260804.ai,6,G3_origin_position__p2,figures/group3_build.py,Panel 2 of 3 from G3_origin_position. Origin-normalized ablation position
pub0813,META_FIGURES_20260813_supplemental_PUBLICATION_20260820.ai,4,G3_origin_position__p2,figures/group3_build.py,Panel 2 of 3 from G3_origin_position. Origin-normalized ablation position
0813supp,META_FIGURES_20260813_supplemental.ai,4,G3_origin_position__p3,figures/group3_build.py,Panel 3 of 3 from G3_origin_position. Origin-normalized ablation position
newfig,NEW_FIGURES_20260804.ai,6,G3_origin_position__p3,figures/group3_build.py,Panel 3 of 3 from G3_origin_position. Origin-normalized ablation position
pub0813,META_FIGURES_20260813_supplemental_PUBLICATION_20260820.ai,4,G3_origin_position__p3,figures/group3_build.py,Panel 3 of 3 from G3_origin_position. Origin-normalized ablation position
supp,other_20260820.ai,3,G3_outcome_probability_by_length,figures/custom_plots_to_make_part2_20260722.py,"P(polar | length), 1 vs 2/3 sisterless (plots-to-make #17)"
0813supp,META_FIGURES_20260813_supplemental.ai,7,G3_plate_join_timing__p1,figures/group3_plate_timing.py,"Panel 1 of 2 from G3_plate_join_timing. Sisterless KT arrival at metaphase plate, timed within metaphase->anaphase"
newfig,NEW_FIGURES_20260804.ai,6,G3_plate_join_timing__p1,figures/group3_plate_timing.py,"Panel 1 of 2 from G3_plate_join_timing. Sisterless KT arrival at metaphase plate, timed within metaphase->anaphase"
pub0813,META_FIGURES_20260813_supplemental_PUBLICATION_20260820.ai,7,G3_plate_join_timing__p1,figures/group3_plate_timing.py,"Panel 1 of 2 from G3_plate_join_timing. Sisterless KT arrival at metaphase plate, timed within metaphase->anaphase"
0813supp,META_FIGURES_20260813_supplemental.ai,7,G3_plate_join_timing__p2,figures/group3_plate_timing.py,"Panel 2 of 2 from G3_plate_join_timing. Sisterless KT arrival at metaphase plate, timed within metaphase->anaphase"
newfig,NEW_FIGURES_20260804.ai,6,G3_plate_join_timing__p2,figures/group3_plate_timing.py,"Panel 2 of 2 from G3_plate_join_timing. Sisterless KT arrival at metaphase plate, timed within metaphase->anaphase"
pub0813,META_FIGURES_20260813_supplemental_PUBLICATION_20260820.ai,7,G3_plate_join_timing__p2,figures/group3_plate_timing.py,"Panel 2 of 2 from G3_plate_join_timing. Sisterless KT arrival at metaphase plate, timed within metaphase->anaphase"
newfig,NEW_FIGURES_20260804.ai,8,G3_pole_time_absolute_vs_fraction__p1,figures/custom_new_figures_20260804.py,Panel 1 of 2 from G3_pole_time_absolute_vs_fraction. Congression timing vs metaphase duration: absolute time vs fraction
newfig,NEW_FIGURES_20260804.ai,8,G3_pole_time_absolute_vs_fraction__p2,figures/custom_new_figures_20260804.py,Panel 2 of 2 from G3_pole_time_absolute_vs_fraction. Congression timing vs metaphase duration: absolute time vs fraction
newfig,NEW_FIGURES_20260804.ai,8,G3_pole_time_vs_duration,figures/group3_pole_time.py,"Fraction of metaphase spent at the pole before congression, vs metaphase duration, per kinetochore"
newfig,NEW_FIGURES_20260804.ai,4,G3_slippage_timestrip_colcemid,figures/group_slippage_timestrips.py,Mitotic-slippage control timestrip (20251002 colcemid_2_xy9)
newfig,NEW_FIGURES_20260804.ai,4,G3_slippage_timestrip_colcemid_aligned__piece1,figures/group_slippage_timestrips.py,
newfig,NEW_FIGURES_20260804.ai,4,G3_slippage_timestrip_colcemid_aligned__piece2,figures/group_slippage_timestrips.py,
newfig,NEW_FIGURES_20260804.ai,4,G3_slippage_timestrip_nocodazole__piece1,figures/group_slippage_timestrips.py,
newfig,NEW_FIGURES_20260804.ai,4,G3_slippage_timestrip_nocodazole__piece2,figures/group_slippage_timestrips.py,
0814,META_FIGURES_20260814.ai,2,G3_slippage_timestrip_nocodazole_aligned__piece1,figures/group_slippage_timestrips.py,
pub0814,META_FIGURES_20260814_PUBLICATION_20260820.ai,2,G3_slippage_timestrip_nocodazole_aligned__piece1,figures/group_slippage_timestrips.py,
0814,META_FIGURES_20260814.ai,2,G3_slippage_timestrip_nocodazole_aligned__piece2,figures/group_slippage_timestrips.py,
pub0814,META_FIGURES_20260814_PUBLICATION_20260820.ai,2,G3_slippage_timestrip_nocodazole_aligned__piece2,figures/group_slippage_timestrips.py,
newfig,NEW_FIGURES_20260804.ai,0,G4_ablation_individual_contactsheet,figures/group4_ablation_intensity.py,"Image panel — 990 frames, cell 88 cells, role ablation/monitoring, channel 488 (GFP)/488 (GFP) ;Phase;Fluor/488 (GFP);Brightfield ;Phase;Fluor, t -464–6495 s, pixel 0.062 µm, scalebar 2 µm."
newfig,NEW_FIGURES_20260804.ai,6,G4_ablation_intensity,figures/group4_ablation_intensity.py,Successful-ablation targeted vs sister KT intensity over time (308 start-normalized lines)
newfig,NEW_FIGURES_20260804.ai,6,G4_ablation_intensity_combined,figures/group4_ablation_intensity.py,Successful-ablation selected traces (combined)
0813supp,META_FIGURES_20260813_supplemental.ai,1,G4_ablation_intensity_selected_combined,figures/group4_ablation_intensity.py,"Successful-ablation selected traces (combined, min=0)"
pub0813,META_FIGURES_20260813_supplemental_PUBLICATION_20260820.ai,1,G4_ablation_intensity_selected_combined,figures/group4_ablation_intensity.py,"Successful-ablation selected traces (combined, min=0)"
supp,other_20260820.ai,0,G4_cdc20_intensity_chronological,figures/group4_cdc20_poles.py,"Polar-KT Cdc20 intensity, Metaphase Start to Anaphase Onset (per cell) + plate reference"
supp,other_20260820.ai,5,G4_cdc20_intensity_chronological_win_meta_to_ana,figures/make_window_companions_20260729.py,G4_cdc20_intensity_chronological restricted to metaphase onset → anaphase onset. Cdc20 level through metaphase; prometaphase and post-anaphase points dilute the trend. Companion only — the parent keeps its full range.
supp,other_20260820.ai,4,G4_cdc20_intensity_near_poles,figures/group4_cdc20_poles.py,eYFP-Cdc20 intensity at polar (near-pole) vs plate kinetochores
supp,other_20260820.ai,2,G4_cdc20_vs_distance,figures/group4_tracking_dist.py,"eYFP-Cdc20 intensity vs distance — SUPERSEDED. Its builder disabled generation on the grounds that it duplicates G4_distance_vs_fluor (and its paired companion), so the figure on the board is the last render and has no current data file behind it."
supp,other_20260820.ai,2,G4_chromosome_flux_vs_metaphase,figures/custom_plots_to_make_20260722.py,Chromosome flux vs metaphase duration (plots-to-make #2)
0813supp,META_FIGURES_20260813_supplemental.ai,5,G4_congressed_bar,figures/group4_polar_lagging.py,Congressed chromosomes — fraction Yes by cohort (with between-group proportion test)
pub0813,META_FIGURES_20260813_supplemental_PUBLICATION_20260820.ai,5,G4_congressed_bar,figures/group4_polar_lagging.py,Congressed chromosomes — fraction Yes by cohort (with between-group proportion test)
supp,other_20260820.ai,2,G4_congression_score_sum_vs_duration,figures/sisterless_congression_score.py,Summed congression score vs metaphase duration
supp,other_20260820.ai,2,G4_congression_score_vs_duration,figures/sisterless_congression_score.py,Mean-per-KT congression score vs metaphase duration
supp,other_20260820.ai,2,G4_distance_vs_fluor_paired,figures/group4_tracking_dist.py,Paired polar vs same-frame plate-control eYFP-Cdc20 intensity
newfig,NEW_FIGURES_20260804.ai,6,G4_distance_vs_roundness,figures/group4_movement.py,KT-to-plate distance vs roundness (O6 alt viz)
supp,other_20260820.ai,4,G4_drug_vs_control_behaviour__p1,figures/custom_plots_to_make_part2_20260722.py,Panel 1 of 2 from G4_drug_vs_control_behaviour. Drug vs untreated KT behaviour (plots-to-make #11)
supp,other_20260820.ai,4,G4_drug_vs_control_behaviour__p2,figures/custom_plots_to_make_part2_20260722.py,Panel 2 of 2 from G4_drug_vs_control_behaviour. Drug vs untreated KT behaviour (plots-to-make #11)
supp,other_20260820.ai,1,G4_exhaustion_statgrid,figures/group4_exhaustion_violin.py,Pairwise Mann-Whitney U across the 5 exhaustion-violin groups
newfig,NEW_FIGURES_20260804.ai,6,G4_exhaustion_violin,figures/group4_exhaustion_violin.py,"Sisterless metaphase duration vs colcemid/nocodazole exhaustion, colored by in-metaphase-at-start"
0814,META_FIGURES_20260814.ai,2,G4_exhaustion_violin_journal,figures/group4_exhaustion_violin.py,"Sisterless metaphase duration vs colcemid/nocodazole exhaustion, colored by in-metaphase-at-start"
pub0814,META_FIGURES_20260814_PUBLICATION_20260820.ai,2,G4_exhaustion_violin_journal,figures/group4_exhaustion_violin.py,"Sisterless metaphase duration vs colcemid/nocodazole exhaustion, colored by in-metaphase-at-start"
newfig,NEW_FIGURES_20260804.ai,6,G4_fluor_over_time,figures/group4_fluor.py,"Cell fluorescence over time (area-normalized mean in outline), per cell + per-cohort trend"
supp,other_20260820.ai,4,G4_fluor_over_time_scaled01,figures/group4_fluor.py,Cell fluorescence over time — every group normalized to starting value 1 (floor 0)
newfig,NEW_FIGURES_20260804.ai,7,G4_fluor_over_time_scaled01_metaphase,figures/group4_fluor.py,Cell fluorescence from metaphase onset — every group normalized to 1 at metaphase onset (floor 0)
newfig,NEW_FIGURES_20260804.ai,7,G4_fluor_over_time_trendscaled,figures/group4_fluor.py,Fluorescence from metaphase onset — trend-scaled (per-cell start=1)
newfig,NEW_FIGURES_20260804.ai,7,G4_fluor_vs_duration,figures/group4_fluor.py,Cell fluorescence at metaphase vs metaphase duration (CF6: overall trend only) — area-normalized version
newfig,NEW_FIGURES_20260804.ai,7,G4_fluor_vs_duration_scaled01,figures/group4_fluor.py,Cell fluorescence at metaphase vs duration — scaled 0-1 (CF6 companion)
newfig,NEW_FIGURES_20260804.ai,7,G4_fluor_vs_duration_unmodified,figures/group4_fluor.py,"Fluor vs duration, unmodified only"
0813supp,META_FIGURES_20260813_supplemental.ai,2,G4_fluor_vs_duration_zoom,figures/group4_fluor.py,"Cell fluorescence at metaphase vs metaphase duration - 0-1 scaled, y-axis fitted to the bulk"
pub0813,META_FIGURES_20260813_supplemental_PUBLICATION_20260820.ai,2,G4_fluor_vs_duration_zoom,figures/group4_fluor.py,"Cell fluorescence at metaphase vs metaphase duration - 0-1 scaled, y-axis fitted to the bulk"
0813supp,META_FIGURES_20260813_supplemental.ai,1,G4_frap_bps_trace_kinetics,figures/custom_frap_bps_20260817.py,"FRAP vs complete kinetochore ablation — the BPS-poster figure, rebuilt from its recovered source data with an SEM band"
pub0813,META_FIGURES_20260813_supplemental_PUBLICATION_20260820.ai,1,G4_frap_bps_trace_kinetics,figures/custom_frap_bps_20260817.py,"FRAP vs complete kinetochore ablation — the BPS-poster figure, rebuilt from its recovered source data with an SEM band"
newfig,NEW_FIGURES_20260804.ai,4,G4_kt_intensity_diff,figures/group4_movement.py,Polar − manual-paired-plate KT eYFP-Cdc20 intensity difference over time (identical r=9 disk measurement)
supp,other_20260820.ai,4,G4_kt_intensity_polar_vs_plate,figures/rebuild_186_outline_intensity.py,Polar vs plate-aligned KT eYFP-Cdc20 measured inside the traced outlines (all manual; per-frame cytosol subtracted; time-matched)
supp,other_20260820.ai,0,G4_kt_intensity_polar_vs_plate_MANUAL,figures/rebuild_182_187_outline_intensity.py,"Polar vs plate-aligned KT signal, all manual outlines, per matched frame"
newfig,NEW_FIGURES_20260804.ai,4,G4_kt_intensity_time,figures/group4_movement.py,Polar/sisterless-KT intensity vs time since first ablation
newfig,NEW_FIGURES_20260804.ai,4,G4_kt_intensity_time_scaled01,figures/group4_movement.py,"Polar/sisterless-KT intensity vs time since first ablation, per-cell normalized to t=0 (companion)"
newfig,NEW_FIGURES_20260804.ai,4,G4_kt_intensity_time_trendscaled,figures/group4_movement.py,Polar/sisterless-KT intensity vs time (trend-scaled)
newfig,NEW_FIGURES_20260804.ai,2,G4_lagging_auto_shape_v2,figures/lagging_auto_shape_v2.py,Auto lagging-KT shape (seed-guided) + validation vs manual
0814,META_FIGURES_20260814.ai,5,G4_lagging_bar,figures/figures/G4_lagging_bar.py,Lagging chromosomes by cohort (2-sisterless removed; polar-at-anaphase annotated)
pub0814,META_FIGURES_20260814_PUBLICATION_20260820.ai,5,G4_lagging_bar,figures/figures/G4_lagging_bar.py,Lagging chromosomes by cohort (2-sisterless removed; polar-at-anaphase annotated)
0813supp,META_FIGURES_20260813_supplemental.ai,5,G4_lagging_examples_outlines__p1,figures/custom_lagging_examples_outlines_20260729.py,"Panel 1 of 36 from G4_lagging_examples_outlines. Lagging-chromosome examples measured from her MANUAL kt_outlines, one panel per (cell, grp). Fractured pieces of one kinetochore are unioned before measuring. Replaces the retired G4_lagging_examples, which derived anaphase lagging shape from circle marks by auto-segmentation - a technique that is not sufficient for lagging KTs in anaphase. Panels: no overlay"
pub0813,META_FIGURES_20260813_supplemental_PUBLICATION_20260820.ai,5,G4_lagging_examples_outlines__p1,figures/custom_lagging_examples_outlines_20260729.py,"Panel 1 of 36 from G4_lagging_examples_outlines. Lagging-chromosome examples measured from her MANUAL kt_outlines, one panel per (cell, grp). Fractured pieces of one kinetochore are unioned before measuring. Replaces the retired G4_lagging_examples, which derived anaphase lagging shape from circle marks by auto-segmentation - a technique that is not sufficient for lagging KTs in anaphase. Panels: no overlay"
0813supp,META_FIGURES_20260813_supplemental.ai,5,G4_lagging_examples_outlines__p10,figures/custom_lagging_examples_outlines_20260729.py,"Panel 10 of 36 from G4_lagging_examples_outlines. Lagging-chromosome examples measured from her MANUAL kt_outlines, one panel per (cell, grp). Fractured pieces of one kinetochore are unioned before measuring. Replaces the retired G4_lagging_examples, which derived anaphase lagging shape from circle marks by auto-segmentation - a technique that is not sufficient for lagging KTs in anaphase. Panels: no overlay"
pub0813,META_FIGURES_20260813_supplemental_PUBLICATION_20260820.ai,5,G4_lagging_examples_outlines__p10,figures/custom_lagging_examples_outlines_20260729.py,"Panel 10 of 36 from G4_lagging_examples_outlines. Lagging-chromosome examples measured from her MANUAL kt_outlines, one panel per (cell, grp). Fractured pieces of one kinetochore are unioned before measuring. Replaces the retired G4_lagging_examples, which derived anaphase lagging shape from circle marks by auto-segmentation - a technique that is not sufficient for lagging KTs in anaphase. Panels: no overlay"
0813supp,META_FIGURES_20260813_supplemental.ai,5,G4_lagging_examples_outlines__p11,figures/custom_lagging_examples_outlines_20260729.py,"Panel 11 of 36 from G4_lagging_examples_outlines. Lagging-chromosome examples measured from her MANUAL kt_outlines, one panel per (cell, grp). Fractured pieces of one kinetochore are unioned before measuring. Replaces the retired G4_lagging_examples, which derived anaphase lagging shape from circle marks by auto-segmentation - a technique that is not sufficient for lagging KTs in anaphase. Panels: no overlay"
pub0813,META_FIGURES_20260813_supplemental_PUBLICATION_20260820.ai,5,G4_lagging_examples_outlines__p11,figures/custom_lagging_examples_outlines_20260729.py,"Panel 11 of 36 from G4_lagging_examples_outlines. Lagging-chromosome examples measured from her MANUAL kt_outlines, one panel per (cell, grp). Fractured pieces of one kinetochore are unioned before measuring. Replaces the retired G4_lagging_examples, which derived anaphase lagging shape from circle marks by auto-segmentation - a technique that is not sufficient for lagging KTs in anaphase. Panels: no overlay"
0813supp,META_FIGURES_20260813_supplemental.ai,5,G4_lagging_examples_outlines__p12,figures/custom_lagging_examples_outlines_20260729.py,"Panel 12 of 36 from G4_lagging_examples_outlines. Lagging-chromosome examples measured from her MANUAL kt_outlines, one panel per (cell, grp). Fractured pieces of one kinetochore are unioned before measuring. Replaces the retired G4_lagging_examples, which derived anaphase lagging shape from circle marks by auto-segmentation - a technique that is not sufficient for lagging KTs in anaphase. Panels: no overlay"
pub0813,META_FIGURES_20260813_supplemental_PUBLICATION_20260820.ai,5,G4_lagging_examples_outlines__p12,figures/custom_lagging_examples_outlines_20260729.py,"Panel 12 of 36 from G4_lagging_examples_outlines. Lagging-chromosome examples measured from her MANUAL kt_outlines, one panel per (cell, grp). Fractured pieces of one kinetochore are unioned before measuring. Replaces the retired G4_lagging_examples, which derived anaphase lagging shape from circle marks by auto-segmentation - a technique that is not sufficient for lagging KTs in anaphase. Panels: no overlay"
0813supp,META_FIGURES_20260813_supplemental.ai,5,G4_lagging_examples_outlines__p13,figures/custom_lagging_examples_outlines_20260729.py,"Panel 13 of 36 from G4_lagging_examples_outlines. Lagging-chromosome examples measured from her MANUAL kt_outlines, one panel per (cell, grp). Fractured pieces of one kinetochore are unioned before measuring. Replaces the retired G4_lagging_examples, which derived anaphase lagging shape from circle marks by auto-segmentation - a technique that is not sufficient for lagging KTs in anaphase. Panels: no overlay"
pub0813,META_FIGURES_20260813_supplemental_PUBLICATION_20260820.ai,5,G4_lagging_examples_outlines__p13,figures/custom_lagging_examples_outlines_20260729.py,"Panel 13 of 36 from G4_lagging_examples_outlines. Lagging-chromosome examples measured from her MANUAL kt_outlines, one panel per (cell, grp). Fractured pieces of one kinetochore are unioned before measuring. Replaces the retired G4_lagging_examples, which derived anaphase lagging shape from circle marks by auto-segmentation - a technique that is not sufficient for lagging KTs in anaphase. Panels: no overlay"
0813supp,META_FIGURES_20260813_supplemental.ai,5,G4_lagging_examples_outlines__p14,figures/custom_lagging_examples_outlines_20260729.py,"Panel 14 of 36 from G4_lagging_examples_outlines. Lagging-chromosome examples measured from her MANUAL kt_outlines, one panel per (cell, grp). Fractured pieces of one kinetochore are unioned before measuring. Replaces the retired G4_lagging_examples, which derived anaphase lagging shape from circle marks by auto-segmentation - a technique that is not sufficient for lagging KTs in anaphase. Panels: no overlay"
pub0813,META_FIGURES_20260813_supplemental_PUBLICATION_20260820.ai,5,G4_lagging_examples_outlines__p14,figures/custom_lagging_examples_outlines_20260729.py,"Panel 14 of 36 from G4_lagging_examples_outlines. Lagging-chromosome examples measured from her MANUAL kt_outlines, one panel per (cell, grp). Fractured pieces of one kinetochore are unioned before measuring. Replaces the retired G4_lagging_examples, which derived anaphase lagging shape from circle marks by auto-segmentation - a technique that is not sufficient for lagging KTs in anaphase. Panels: no overlay"
0813supp,META_FIGURES_20260813_supplemental.ai,5,G4_lagging_examples_outlines__p15,figures/custom_lagging_examples_outlines_20260729.py,"Panel 15 of 36 from G4_lagging_examples_outlines. Lagging-chromosome examples measured from her MANUAL kt_outlines, one panel per (cell, grp). Fractured pieces of one kinetochore are unioned before measuring. Replaces the retired G4_lagging_examples, which derived anaphase lagging shape from circle marks by auto-segmentation - a technique that is not sufficient for lagging KTs in anaphase. Panels: no overlay"
pub0813,META_FIGURES_20260813_supplemental_PUBLICATION_20260820.ai,5,G4_lagging_examples_outlines__p15,figures/custom_lagging_examples_outlines_20260729.py,"Panel 15 of 36 from G4_lagging_examples_outlines. Lagging-chromosome examples measured from her MANUAL kt_outlines, one panel per (cell, grp). Fractured pieces of one kinetochore are unioned before measuring. Replaces the retired G4_lagging_examples, which derived anaphase lagging shape from circle marks by auto-segmentation - a technique that is not sufficient for lagging KTs in anaphase. Panels: no overlay"
0813supp,META_FIGURES_20260813_supplemental.ai,5,G4_lagging_examples_outlines__p16,figures/custom_lagging_examples_outlines_20260729.py,"Panel 16 of 36 from G4_lagging_examples_outlines. Lagging-chromosome examples measured from her MANUAL kt_outlines, one panel per (cell, grp). Fractured pieces of one kinetochore are unioned before measuring. Replaces the retired G4_lagging_examples, which derived anaphase lagging shape from circle marks by auto-segmentation - a technique that is not sufficient for lagging KTs in anaphase. Panels: no overlay"
pub0813,META_FIGURES_20260813_supplemental_PUBLICATION_20260820.ai,5,G4_lagging_examples_outlines__p16,figures/custom_lagging_examples_outlines_20260729.py,"Panel 16 of 36 from G4_lagging_examples_outlines. Lagging-chromosome examples measured from her MANUAL kt_outlines, one panel per (cell, grp). Fractured pieces of one kinetochore are unioned before measuring. Replaces the retired G4_lagging_examples, which derived anaphase lagging shape from circle marks by auto-segmentation - a technique that is not sufficient for lagging KTs in anaphase. Panels: no overlay"
0813supp,META_FIGURES_20260813_supplemental.ai,5,G4_lagging_examples_outlines__p17,figures/custom_lagging_examples_outlines_20260729.py,"Panel 17 of 36 from G4_lagging_examples_outlines. Lagging-chromosome examples measured from her MANUAL kt_outlines, one panel per (cell, grp). Fractured pieces of one kinetochore are unioned before measuring. Replaces the retired G4_lagging_examples, which derived anaphase lagging shape from circle marks by auto-segmentation - a technique that is not sufficient for lagging KTs in anaphase. Panels: no overlay"
pub0813,META_FIGURES_20260813_supplemental_PUBLICATION_20260820.ai,5,G4_lagging_examples_outlines__p17,figures/custom_lagging_examples_outlines_20260729.py,"Panel 17 of 36 from G4_lagging_examples_outlines. Lagging-chromosome examples measured from her MANUAL kt_outlines, one panel per (cell, grp). Fractured pieces of one kinetochore are unioned before measuring. Replaces the retired G4_lagging_examples, which derived anaphase lagging shape from circle marks by auto-segmentation - a technique that is not sufficient for lagging KTs in anaphase. Panels: no overlay"
0813supp,META_FIGURES_20260813_supplemental.ai,5,G4_lagging_examples_outlines__p18,figures/custom_lagging_examples_outlines_20260729.py,"Panel 18 of 36 from G4_lagging_examples_outlines. Lagging-chromosome examples measured from her MANUAL kt_outlines, one panel per (cell, grp). Fractured pieces of one kinetochore are unioned before measuring. Replaces the retired G4_lagging_examples, which derived anaphase lagging shape from circle marks by auto-segmentation - a technique that is not sufficient for lagging KTs in anaphase. Panels: no overlay"
pub0813,META_FIGURES_20260813_supplemental_PUBLICATION_20260820.ai,5,G4_lagging_examples_outlines__p18,figures/custom_lagging_examples_outlines_20260729.py,"Panel 18 of 36 from G4_lagging_examples_outlines. Lagging-chromosome examples measured from her MANUAL kt_outlines, one panel per (cell, grp). Fractured pieces of one kinetochore are unioned before measuring. Replaces the retired G4_lagging_examples, which derived anaphase lagging shape from circle marks by auto-segmentation - a technique that is not sufficient for lagging KTs in anaphase. Panels: no overlay"
0813supp,META_FIGURES_20260813_supplemental.ai,5,G4_lagging_examples_outlines__p19,figures/custom_lagging_examples_outlines_20260729.py,"Panel 19 of 36 from G4_lagging_examples_outlines. Lagging-chromosome examples measured from her MANUAL kt_outlines, one panel per (cell, grp). Fractured pieces of one kinetochore are unioned before measuring. Replaces the retired G4_lagging_examples, which derived anaphase lagging shape from circle marks by auto-segmentation - a technique that is not sufficient for lagging KTs in anaphase. Panels: no overlay"
pub0813,META_FIGURES_20260813_supplemental_PUBLICATION_20260820.ai,5,G4_lagging_examples_outlines__p19,figures/custom_lagging_examples_outlines_20260729.py,"Panel 19 of 36 from G4_lagging_examples_outlines. Lagging-chromosome examples measured from her MANUAL kt_outlines, one panel per (cell, grp). Fractured pieces of one kinetochore are unioned before measuring. Replaces the retired G4_lagging_examples, which derived anaphase lagging shape from circle marks by auto-segmentation - a technique that is not sufficient for lagging KTs in anaphase. Panels: no overlay"
0813supp,META_FIGURES_20260813_supplemental.ai,5,G4_lagging_examples_outlines__p2,figures/custom_lagging_examples_outlines_20260729.py,"Panel 2 of 36 from G4_lagging_examples_outlines. Lagging-chromosome examples measured from her MANUAL kt_outlines, one panel per (cell, grp). Fractured pieces of one kinetochore are unioned before measuring. Replaces the retired G4_lagging_examples, which derived anaphase lagging shape from circle marks by auto-segmentation - a technique that is not sufficient for lagging KTs in anaphase. Panels: no overlay"
pub0813,META_FIGURES_20260813_supplemental_PUBLICATION_20260820.ai,5,G4_lagging_examples_outlines__p2,figures/custom_lagging_examples_outlines_20260729.py,"Panel 2 of 36 from G4_lagging_examples_outlines. Lagging-chromosome examples measured from her MANUAL kt_outlines, one panel per (cell, grp). Fractured pieces of one kinetochore are unioned before measuring. Replaces the retired G4_lagging_examples, which derived anaphase lagging shape from circle marks by auto-segmentation - a technique that is not sufficient for lagging KTs in anaphase. Panels: no overlay"
0813supp,META_FIGURES_20260813_supplemental.ai,5,G4_lagging_examples_outlines__p20,figures/custom_lagging_examples_outlines_20260729.py,"Panel 20 of 36 from G4_lagging_examples_outlines. Lagging-chromosome examples measured from her MANUAL kt_outlines, one panel per (cell, grp). Fractured pieces of one kinetochore are unioned before measuring. Replaces the retired G4_lagging_examples, which derived anaphase lagging shape from circle marks by auto-segmentation - a technique that is not sufficient for lagging KTs in anaphase. Panels: no overlay"
pub0813,META_FIGURES_20260813_supplemental_PUBLICATION_20260820.ai,5,G4_lagging_examples_outlines__p20,figures/custom_lagging_examples_outlines_20260729.py,"Panel 20 of 36 from G4_lagging_examples_outlines. Lagging-chromosome examples measured from her MANUAL kt_outlines, one panel per (cell, grp). Fractured pieces of one kinetochore are unioned before measuring. Replaces the retired G4_lagging_examples, which derived anaphase lagging shape from circle marks by auto-segmentation - a technique that is not sufficient for lagging KTs in anaphase. Panels: no overlay"
0813supp,META_FIGURES_20260813_supplemental.ai,5,G4_lagging_examples_outlines__p21,figures/custom_lagging_examples_outlines_20260729.py,"Panel 21 of 36 from G4_lagging_examples_outlines. Lagging-chromosome examples measured from her MANUAL kt_outlines, one panel per (cell, grp). Fractured pieces of one kinetochore are unioned before measuring. Replaces the retired G4_lagging_examples, which derived anaphase lagging shape from circle marks by auto-segmentation - a technique that is not sufficient for lagging KTs in anaphase. Panels: no overlay"
pub0813,META_FIGURES_20260813_supplemental_PUBLICATION_20260820.ai,5,G4_lagging_examples_outlines__p21,figures/custom_lagging_examples_outlines_20260729.py,"Panel 21 of 36 from G4_lagging_examples_outlines. Lagging-chromosome examples measured from her MANUAL kt_outlines, one panel per (cell, grp). Fractured pieces of one kinetochore are unioned before measuring. Replaces the retired G4_lagging_examples, which derived anaphase lagging shape from circle marks by auto-segmentation - a technique that is not sufficient for lagging KTs in anaphase. Panels: no overlay"
0813supp,META_FIGURES_20260813_supplemental.ai,5,G4_lagging_examples_outlines__p22,figures/custom_lagging_examples_outlines_20260729.py,"Panel 22 of 36 from G4_lagging_examples_outlines. Lagging-chromosome examples measured from her MANUAL kt_outlines, one panel per (cell, grp). Fractured pieces of one kinetochore are unioned before measuring. Replaces the retired G4_lagging_examples, which derived anaphase lagging shape from circle marks by auto-segmentation - a technique that is not sufficient for lagging KTs in anaphase. Panels: no overlay"
pub0813,META_FIGURES_20260813_supplemental_PUBLICATION_20260820.ai,5,G4_lagging_examples_outlines__p22,figures/custom_lagging_examples_outlines_20260729.py,"Panel 22 of 36 from G4_lagging_examples_outlines. Lagging-chromosome examples measured from her MANUAL kt_outlines, one panel per (cell, grp). Fractured pieces of one kinetochore are unioned before measuring. Replaces the retired G4_lagging_examples, which derived anaphase lagging shape from circle marks by auto-segmentation - a technique that is not sufficient for lagging KTs in anaphase. Panels: no overlay"
0813supp,META_FIGURES_20260813_supplemental.ai,5,G4_lagging_examples_outlines__p23,figures/custom_lagging_examples_outlines_20260729.py,"Panel 23 of 36 from G4_lagging_examples_outlines. Lagging-chromosome examples measured from her MANUAL kt_outlines, one panel per (cell, grp). Fractured pieces of one kinetochore are unioned before measuring. Replaces the retired G4_lagging_examples, which derived anaphase lagging shape from circle marks by auto-segmentation - a technique that is not sufficient for lagging KTs in anaphase. Panels: no overlay"
pub0813,META_FIGURES_20260813_supplemental_PUBLICATION_20260820.ai,5,G4_lagging_examples_outlines__p23,figures/custom_lagging_examples_outlines_20260729.py,"Panel 23 of 36 from G4_lagging_examples_outlines. Lagging-chromosome examples measured from her MANUAL kt_outlines, one panel per (cell, grp). Fractured pieces of one kinetochore are unioned before measuring. Replaces the retired G4_lagging_examples, which derived anaphase lagging shape from circle marks by auto-segmentation - a technique that is not sufficient for lagging KTs in anaphase. Panels: no overlay"
0813supp,META_FIGURES_20260813_supplemental.ai,5,G4_lagging_examples_outlines__p24,figures/custom_lagging_examples_outlines_20260729.py,"Panel 24 of 36 from G4_lagging_examples_outlines. Lagging-chromosome examples measured from her MANUAL kt_outlines, one panel per (cell, grp). Fractured pieces of one kinetochore are unioned before measuring. Replaces the retired G4_lagging_examples, which derived anaphase lagging shape from circle marks by auto-segmentation - a technique that is not sufficient for lagging KTs in anaphase. Panels: no overlay"
pub0813,META_FIGURES_20260813_supplemental_PUBLICATION_20260820.ai,5,G4_lagging_examples_outlines__p24,figures/custom_lagging_examples_outlines_20260729.py,"Panel 24 of 36 from G4_lagging_examples_outlines. Lagging-chromosome examples measured from her MANUAL kt_outlines, one panel per (cell, grp). Fractured pieces of one kinetochore are unioned before measuring. Replaces the retired G4_lagging_examples, which derived anaphase lagging shape from circle marks by auto-segmentation - a technique that is not sufficient for lagging KTs in anaphase. Panels: no overlay"
0813supp,META_FIGURES_20260813_supplemental.ai,5,G4_lagging_examples_outlines__p25,figures/custom_lagging_examples_outlines_20260729.py,"Panel 25 of 36 from G4_lagging_examples_outlines. Lagging-chromosome examples measured from her MANUAL kt_outlines, one panel per (cell, grp). Fractured pieces of one kinetochore are unioned before measuring. Replaces the retired G4_lagging_examples, which derived anaphase lagging shape from circle marks by auto-segmentation - a technique that is not sufficient for lagging KTs in anaphase. Panels: no overlay"
pub0813,META_FIGURES_20260813_supplemental_PUBLICATION_20260820.ai,5,G4_lagging_examples_outlines__p25,figures/custom_lagging_examples_outlines_20260729.py,"Panel 25 of 36 from G4_lagging_examples_outlines. Lagging-chromosome examples measured from her MANUAL kt_outlines, one panel per (cell, grp). Fractured pieces of one kinetochore are unioned before measuring. Replaces the retired G4_lagging_examples, which derived anaphase lagging shape from circle marks by auto-segmentation - a technique that is not sufficient for lagging KTs in anaphase. Panels: no overlay"
0813supp,META_FIGURES_20260813_supplemental.ai,5,G4_lagging_examples_outlines__p26,figures/custom_lagging_examples_outlines_20260729.py,"Panel 26 of 36 from G4_lagging_examples_outlines. Lagging-chromosome examples measured from her MANUAL kt_outlines, one panel per (cell, grp). Fractured pieces of one kinetochore are unioned before measuring. Replaces the retired G4_lagging_examples, which derived anaphase lagging shape from circle marks by auto-segmentation - a technique that is not sufficient for lagging KTs in anaphase. Panels: no overlay"
pub0813,META_FIGURES_20260813_supplemental_PUBLICATION_20260820.ai,5,G4_lagging_examples_outlines__p26,figures/custom_lagging_examples_outlines_20260729.py,"Panel 26 of 36 from G4_lagging_examples_outlines. Lagging-chromosome examples measured from her MANUAL kt_outlines, one panel per (cell, grp). Fractured pieces of one kinetochore are unioned before measuring. Replaces the retired G4_lagging_examples, which derived anaphase lagging shape from circle marks by auto-segmentation - a technique that is not sufficient for lagging KTs in anaphase. Panels: no overlay"
0813supp,META_FIGURES_20260813_supplemental.ai,5,G4_lagging_examples_outlines__p27,figures/custom_lagging_examples_outlines_20260729.py,"Panel 27 of 36 from G4_lagging_examples_outlines. Lagging-chromosome examples measured from her MANUAL kt_outlines, one panel per (cell, grp). Fractured pieces of one kinetochore are unioned before measuring. Replaces the retired G4_lagging_examples, which derived anaphase lagging shape from circle marks by auto-segmentation - a technique that is not sufficient for lagging KTs in anaphase. Panels: no overlay"
pub0813,META_FIGURES_20260813_supplemental_PUBLICATION_20260820.ai,5,G4_lagging_examples_outlines__p27,figures/custom_lagging_examples_outlines_20260729.py,"Panel 27 of 36 from G4_lagging_examples_outlines. Lagging-chromosome examples measured from her MANUAL kt_outlines, one panel per (cell, grp). Fractured pieces of one kinetochore are unioned before measuring. Replaces the retired G4_lagging_examples, which derived anaphase lagging shape from circle marks by auto-segmentation - a technique that is not sufficient for lagging KTs in anaphase. Panels: no overlay"
0813supp,META_FIGURES_20260813_supplemental.ai,5,G4_lagging_examples_outlines__p28,figures/custom_lagging_examples_outlines_20260729.py,"Panel 28 of 36 from G4_lagging_examples_outlines. Lagging-chromosome examples measured from her MANUAL kt_outlines, one panel per (cell, grp). Fractured pieces of one kinetochore are unioned before measuring. Replaces the retired G4_lagging_examples, which derived anaphase lagging shape from circle marks by auto-segmentation - a technique that is not sufficient for lagging KTs in anaphase. Panels: no overlay"
pub0813,META_FIGURES_20260813_supplemental_PUBLICATION_20260820.ai,5,G4_lagging_examples_outlines__p28,figures/custom_lagging_examples_outlines_20260729.py,"Panel 28 of 36 from G4_lagging_examples_outlines. Lagging-chromosome examples measured from her MANUAL kt_outlines, one panel per (cell, grp). Fractured pieces of one kinetochore are unioned before measuring. Replaces the retired G4_lagging_examples, which derived anaphase lagging shape from circle marks by auto-segmentation - a technique that is not sufficient for lagging KTs in anaphase. Panels: no overlay"
0813supp,META_FIGURES_20260813_supplemental.ai,5,G4_lagging_examples_outlines__p29,figures/custom_lagging_examples_outlines_20260729.py,"Panel 29 of 36 from G4_lagging_examples_outlines. Lagging-chromosome examples measured from her MANUAL kt_outlines, one panel per (cell, grp). Fractured pieces of one kinetochore are unioned before measuring. Replaces the retired G4_lagging_examples, which derived anaphase lagging shape from circle marks by auto-segmentation - a technique that is not sufficient for lagging KTs in anaphase. Panels: no overlay"
pub0813,META_FIGURES_20260813_supplemental_PUBLICATION_20260820.ai,5,G4_lagging_examples_outlines__p29,figures/custom_lagging_examples_outlines_20260729.py,"Panel 29 of 36 from G4_lagging_examples_outlines. Lagging-chromosome examples measured from her MANUAL kt_outlines, one panel per (cell, grp). Fractured pieces of one kinetochore are unioned before measuring. Replaces the retired G4_lagging_examples, which derived anaphase lagging shape from circle marks by auto-segmentation - a technique that is not sufficient for lagging KTs in anaphase. Panels: no overlay"
0813supp,META_FIGURES_20260813_supplemental.ai,5,G4_lagging_examples_outlines__p3,figures/custom_lagging_examples_outlines_20260729.py,"Panel 3 of 36 from G4_lagging_examples_outlines. Lagging-chromosome examples measured from her MANUAL kt_outlines, one panel per (cell, grp). Fractured pieces of one kinetochore are unioned before measuring. Replaces the retired G4_lagging_examples, which derived anaphase lagging shape from circle marks by auto-segmentation - a technique that is not sufficient for lagging KTs in anaphase. Panels: no overlay"
pub0813,META_FIGURES_20260813_supplemental_PUBLICATION_20260820.ai,5,G4_lagging_examples_outlines__p3,figures/custom_lagging_examples_outlines_20260729.py,"Panel 3 of 36 from G4_lagging_examples_outlines. Lagging-chromosome examples measured from her MANUAL kt_outlines, one panel per (cell, grp). Fractured pieces of one kinetochore are unioned before measuring. Replaces the retired G4_lagging_examples, which derived anaphase lagging shape from circle marks by auto-segmentation - a technique that is not sufficient for lagging KTs in anaphase. Panels: no overlay"
0813supp,META_FIGURES_20260813_supplemental.ai,5,G4_lagging_examples_outlines__p30,figures/custom_lagging_examples_outlines_20260729.py,"Panel 30 of 36 from G4_lagging_examples_outlines. Lagging-chromosome examples measured from her MANUAL kt_outlines, one panel per (cell, grp). Fractured pieces of one kinetochore are unioned before measuring. Replaces the retired G4_lagging_examples, which derived anaphase lagging shape from circle marks by auto-segmentation - a technique that is not sufficient for lagging KTs in anaphase. Panels: no overlay"
pub0813,META_FIGURES_20260813_supplemental_PUBLICATION_20260820.ai,5,G4_lagging_examples_outlines__p30,figures/custom_lagging_examples_outlines_20260729.py,"Panel 30 of 36 from G4_lagging_examples_outlines. Lagging-chromosome examples measured from her MANUAL kt_outlines, one panel per (cell, grp). Fractured pieces of one kinetochore are unioned before measuring. Replaces the retired G4_lagging_examples, which derived anaphase lagging shape from circle marks by auto-segmentation - a technique that is not sufficient for lagging KTs in anaphase. Panels: no overlay"
0813supp,META_FIGURES_20260813_supplemental.ai,5,G4_lagging_examples_outlines__p31,figures/custom_lagging_examples_outlines_20260729.py,"Panel 31 of 36 from G4_lagging_examples_outlines. Lagging-chromosome examples measured from her MANUAL kt_outlines, one panel per (cell, grp). Fractured pieces of one kinetochore are unioned before measuring. Replaces the retired G4_lagging_examples, which derived anaphase lagging shape from circle marks by auto-segmentation - a technique that is not sufficient for lagging KTs in anaphase. Panels: no overlay"
pub0813,META_FIGURES_20260813_supplemental_PUBLICATION_20260820.ai,5,G4_lagging_examples_outlines__p31,figures/custom_lagging_examples_outlines_20260729.py,"Panel 31 of 36 from G4_lagging_examples_outlines. Lagging-chromosome examples measured from her MANUAL kt_outlines, one panel per (cell, grp). Fractured pieces of one kinetochore are unioned before measuring. Replaces the retired G4_lagging_examples, which derived anaphase lagging shape from circle marks by auto-segmentation - a technique that is not sufficient for lagging KTs in anaphase. Panels: no overlay"
0813supp,META_FIGURES_20260813_supplemental.ai,5,G4_lagging_examples_outlines__p32,figures/custom_lagging_examples_outlines_20260729.py,"Panel 32 of 36 from G4_lagging_examples_outlines. Lagging-chromosome examples measured from her MANUAL kt_outlines, one panel per (cell, grp). Fractured pieces of one kinetochore are unioned before measuring. Replaces the retired G4_lagging_examples, which derived anaphase lagging shape from circle marks by auto-segmentation - a technique that is not sufficient for lagging KTs in anaphase. Panels: no overlay"
pub0813,META_FIGURES_20260813_supplemental_PUBLICATION_20260820.ai,5,G4_lagging_examples_outlines__p32,figures/custom_lagging_examples_outlines_20260729.py,"Panel 32 of 36 from G4_lagging_examples_outlines. Lagging-chromosome examples measured from her MANUAL kt_outlines, one panel per (cell, grp). Fractured pieces of one kinetochore are unioned before measuring. Replaces the retired G4_lagging_examples, which derived anaphase lagging shape from circle marks by auto-segmentation - a technique that is not sufficient for lagging KTs in anaphase. Panels: no overlay"
0813supp,META_FIGURES_20260813_supplemental.ai,5,G4_lagging_examples_outlines__p33,figures/custom_lagging_examples_outlines_20260729.py,"Panel 33 of 36 from G4_lagging_examples_outlines. Lagging-chromosome examples measured from her MANUAL kt_outlines, one panel per (cell, grp). Fractured pieces of one kinetochore are unioned before measuring. Replaces the retired G4_lagging_examples, which derived anaphase lagging shape from circle marks by auto-segmentation - a technique that is not sufficient for lagging KTs in anaphase. Panels: no overlay"
pub0813,META_FIGURES_20260813_supplemental_PUBLICATION_20260820.ai,5,G4_lagging_examples_outlines__p33,figures/custom_lagging_examples_outlines_20260729.py,"Panel 33 of 36 from G4_lagging_examples_outlines. Lagging-chromosome examples measured from her MANUAL kt_outlines, one panel per (cell, grp). Fractured pieces of one kinetochore are unioned before measuring. Replaces the retired G4_lagging_examples, which derived anaphase lagging shape from circle marks by auto-segmentation - a technique that is not sufficient for lagging KTs in anaphase. Panels: no overlay"
0813supp,META_FIGURES_20260813_supplemental.ai,5,G4_lagging_examples_outlines__p34,figures/custom_lagging_examples_outlines_20260729.py,"Panel 34 of 36 from G4_lagging_examples_outlines. Lagging-chromosome examples measured from her MANUAL kt_outlines, one panel per (cell, grp). Fractured pieces of one kinetochore are unioned before measuring. Replaces the retired G4_lagging_examples, which derived anaphase lagging shape from circle marks by auto-segmentation - a technique that is not sufficient for lagging KTs in anaphase. Panels: no overlay"
pub0813,META_FIGURES_20260813_supplemental_PUBLICATION_20260820.ai,5,G4_lagging_examples_outlines__p34,figures/custom_lagging_examples_outlines_20260729.py,"Panel 34 of 36 from G4_lagging_examples_outlines. Lagging-chromosome examples measured from her MANUAL kt_outlines, one panel per (cell, grp). Fractured pieces of one kinetochore are unioned before measuring. Replaces the retired G4_lagging_examples, which derived anaphase lagging shape from circle marks by auto-segmentation - a technique that is not sufficient for lagging KTs in anaphase. Panels: no overlay"
0813supp,META_FIGURES_20260813_supplemental.ai,5,G4_lagging_examples_outlines__p4,figures/custom_lagging_examples_outlines_20260729.py,"Panel 4 of 36 from G4_lagging_examples_outlines. Lagging-chromosome examples measured from her MANUAL kt_outlines, one panel per (cell, grp). Fractured pieces of one kinetochore are unioned before measuring. Replaces the retired G4_lagging_examples, which derived anaphase lagging shape from circle marks by auto-segmentation - a technique that is not sufficient for lagging KTs in anaphase. Panels: no overlay"
pub0813,META_FIGURES_20260813_supplemental_PUBLICATION_20260820.ai,5,G4_lagging_examples_outlines__p4,figures/custom_lagging_examples_outlines_20260729.py,"Panel 4 of 36 from G4_lagging_examples_outlines. Lagging-chromosome examples measured from her MANUAL kt_outlines, one panel per (cell, grp). Fractured pieces of one kinetochore are unioned before measuring. Replaces the retired G4_lagging_examples, which derived anaphase lagging shape from circle marks by auto-segmentation - a technique that is not sufficient for lagging KTs in anaphase. Panels: no overlay"
0813supp,META_FIGURES_20260813_supplemental.ai,5,G4_lagging_examples_outlines__p5,figures/custom_lagging_examples_outlines_20260729.py,"Panel 5 of 36 from G4_lagging_examples_outlines. Lagging-chromosome examples measured from her MANUAL kt_outlines, one panel per (cell, grp). Fractured pieces of one kinetochore are unioned before measuring. Replaces the retired G4_lagging_examples, which derived anaphase lagging shape from circle marks by auto-segmentation - a technique that is not sufficient for lagging KTs in anaphase. Panels: no overlay"
pub0813,META_FIGURES_20260813_supplemental_PUBLICATION_20260820.ai,5,G4_lagging_examples_outlines__p5,figures/custom_lagging_examples_outlines_20260729.py,"Panel 5 of 36 from G4_lagging_examples_outlines. Lagging-chromosome examples measured from her MANUAL kt_outlines, one panel per (cell, grp). Fractured pieces of one kinetochore are unioned before measuring. Replaces the retired G4_lagging_examples, which derived anaphase lagging shape from circle marks by auto-segmentation - a technique that is not sufficient for lagging KTs in anaphase. Panels: no overlay"
0813supp,META_FIGURES_20260813_supplemental.ai,5,G4_lagging_examples_outlines__p6,figures/custom_lagging_examples_outlines_20260729.py,"Panel 6 of 36 from G4_lagging_examples_outlines. Lagging-chromosome examples measured from her MANUAL kt_outlines, one panel per (cell, grp). Fractured pieces of one kinetochore are unioned before measuring. Replaces the retired G4_lagging_examples, which derived anaphase lagging shape from circle marks by auto-segmentation - a technique that is not sufficient for lagging KTs in anaphase. Panels: no overlay"
pub0813,META_FIGURES_20260813_supplemental_PUBLICATION_20260820.ai,5,G4_lagging_examples_outlines__p6,figures/custom_lagging_examples_outlines_20260729.py,"Panel 6 of 36 from G4_lagging_examples_outlines. Lagging-chromosome examples measured from her MANUAL kt_outlines, one panel per (cell, grp). Fractured pieces of one kinetochore are unioned before measuring. Replaces the retired G4_lagging_examples, which derived anaphase lagging shape from circle marks by auto-segmentation - a technique that is not sufficient for lagging KTs in anaphase. Panels: no overlay"
0813supp,META_FIGURES_20260813_supplemental.ai,5,G4_lagging_examples_outlines__p7,figures/custom_lagging_examples_outlines_20260729.py,"Panel 7 of 36 from G4_lagging_examples_outlines. Lagging-chromosome examples measured from her MANUAL kt_outlines, one panel per (cell, grp). Fractured pieces of one kinetochore are unioned before measuring. Replaces the retired G4_lagging_examples, which derived anaphase lagging shape from circle marks by auto-segmentation - a technique that is not sufficient for lagging KTs in anaphase. Panels: no overlay"
pub0813,META_FIGURES_20260813_supplemental_PUBLICATION_20260820.ai,5,G4_lagging_examples_outlines__p7,figures/custom_lagging_examples_outlines_20260729.py,"Panel 7 of 36 from G4_lagging_examples_outlines. Lagging-chromosome examples measured from her MANUAL kt_outlines, one panel per (cell, grp). Fractured pieces of one kinetochore are unioned before measuring. Replaces the retired G4_lagging_examples, which derived anaphase lagging shape from circle marks by auto-segmentation - a technique that is not sufficient for lagging KTs in anaphase. Panels: no overlay"
0813supp,META_FIGURES_20260813_supplemental.ai,5,G4_lagging_examples_outlines__p8,figures/custom_lagging_examples_outlines_20260729.py,"Panel 8 of 36 from G4_lagging_examples_outlines. Lagging-chromosome examples measured from her MANUAL kt_outlines, one panel per (cell, grp). Fractured pieces of one kinetochore are unioned before measuring. Replaces the retired G4_lagging_examples, which derived anaphase lagging shape from circle marks by auto-segmentation - a technique that is not sufficient for lagging KTs in anaphase. Panels: no overlay"
pub0813,META_FIGURES_20260813_supplemental_PUBLICATION_20260820.ai,5,G4_lagging_examples_outlines__p8,figures/custom_lagging_examples_outlines_20260729.py,"Panel 8 of 36 from G4_lagging_examples_outlines. Lagging-chromosome examples measured from her MANUAL kt_outlines, one panel per (cell, grp). Fractured pieces of one kinetochore are unioned before measuring. Replaces the retired G4_lagging_examples, which derived anaphase lagging shape from circle marks by auto-segmentation - a technique that is not sufficient for lagging KTs in anaphase. Panels: no overlay"
0813supp,META_FIGURES_20260813_supplemental.ai,5,G4_lagging_examples_outlines__p9,figures/custom_lagging_examples_outlines_20260729.py,"Panel 9 of 36 from G4_lagging_examples_outlines. Lagging-chromosome examples measured from her MANUAL kt_outlines, one panel per (cell, grp). Fractured pieces of one kinetochore are unioned before measuring. Replaces the retired G4_lagging_examples, which derived anaphase lagging shape from circle marks by auto-segmentation - a technique that is not sufficient for lagging KTs in anaphase. Panels: no overlay"
pub0813,META_FIGURES_20260813_supplemental_PUBLICATION_20260820.ai,5,G4_lagging_examples_outlines__p9,figures/custom_lagging_examples_outlines_20260729.py,"Panel 9 of 36 from G4_lagging_examples_outlines. Lagging-chromosome examples measured from her MANUAL kt_outlines, one panel per (cell, grp). Fractured pieces of one kinetochore are unioned before measuring. Replaces the retired G4_lagging_examples, which derived anaphase lagging shape from circle marks by auto-segmentation - a technique that is not sufficient for lagging KTs in anaphase. Panels: no overlay"
newfig,NEW_FIGURES_20260804.ai,4,G4_lagging_position__p1,figures/group4_lagging_shape.py,"Panel 1 of 2 from G4_lagging_position. Lagging-KT position relative to the cell outline (division-axis + radial), shaded by time after anaphase"
supp,other_20260820.ai,2,G4_lagging_position__p1,figures/group4_lagging_shape.py,"Panel 1 of 2 from G4_lagging_position. Lagging-KT position relative to the cell outline (division-axis + radial), shaded by time after anaphase"
newfig,NEW_FIGURES_20260804.ai,4,G4_lagging_position__p2,figures/group4_lagging_shape.py,"Panel 2 of 2 from G4_lagging_position. Lagging-KT position relative to the cell outline (division-axis + radial), shaded by time after anaphase"
supp,other_20260820.ai,2,G4_lagging_position__p2,figures/group4_lagging_shape.py,"Panel 2 of 2 from G4_lagging_position. Lagging-KT position relative to the cell outline (division-axis + radial), shaded by time after anaphase"
newfig,NEW_FIGURES_20260804.ai,5,G4_lagging_shape__p1,figures/group4_lagging_shape.py,"Panel 1 of 3 from G4_lagging_shape. Shape (length, elongation) of lagging kinetochores vs time after anaphase, WITH per-track slope distribution (panel 3) added 2026-08-03 to correct a pooled-fit artefact her feedback flagged"
supp,other_20260820.ai,1,G4_lagging_shape__p1,figures/group4_lagging_shape.py,"Panel 1 of 3 from G4_lagging_shape. Shape (length, elongation) of lagging kinetochores vs time after anaphase, WITH per-track slope distribution (panel 3) added 2026-08-03 to correct a pooled-fit artefact her feedback flagged"
newfig,NEW_FIGURES_20260804.ai,5,G4_lagging_shape__p2,figures/group4_lagging_shape.py,"Panel 2 of 3 from G4_lagging_shape. Shape (length, elongation) of lagging kinetochores vs time after anaphase, WITH per-track slope distribution (panel 3) added 2026-08-03 to correct a pooled-fit artefact her feedback flagged"
supp,other_20260820.ai,1,G4_lagging_shape__p2,figures/group4_lagging_shape.py,"Panel 2 of 3 from G4_lagging_shape. Shape (length, elongation) of lagging kinetochores vs time after anaphase, WITH per-track slope distribution (panel 3) added 2026-08-03 to correct a pooled-fit artefact her feedback flagged"
newfig,NEW_FIGURES_20260804.ai,5,G4_lagging_shape__p3,figures/group4_lagging_shape.py,"Panel 3 of 3 from G4_lagging_shape. Shape (length, elongation) of lagging kinetochores vs time after anaphase, WITH per-track slope distribution (panel 3) added 2026-08-03 to correct a pooled-fit artefact her feedback flagged"
supp,other_20260820.ai,1,G4_lagging_shape__p3,figures/group4_lagging_shape.py,"Panel 3 of 3 from G4_lagging_shape. Shape (length, elongation) of lagging kinetochores vs time after anaphase, WITH per-track slope distribution (panel 3) added 2026-08-03 to correct a pooled-fit artefact her feedback flagged"
supp,other_20260820.ai,1,G4_lagging_vs_congression_fraction,figures/lagging_vs_congression_timing.py,Does the last sisterless KT congress LATER in cells that lag?
newfig,NEW_FIGURES_20260804.ai,2,G4_lagging_vs_control_length_over_time,figures/lagging_length_over_time.py,Lagging vs control kinetochore length over time
0813supp,META_FIGURES_20260813_supplemental.ai,5,G4_neither_bar,figures/group4_polar_lagging.py,Neither polar nor lagging chromosomes — fraction by cohort
pub0813,META_FIGURES_20260813_supplemental_PUBLICATION_20260820.ai,5,G4_neither_bar,figures/group4_polar_lagging.py,Neither polar nor lagging chromosomes — fraction by cohort
newfig,NEW_FIGURES_20260804.ai,5,G4_nocodazole,figures/group4_drug.py,Nocodazole drug sensitivity violin
supp,other_20260820.ai,2,G4_oscillation,figures/group4_movement.py,Polar vs plate-aligned displacement per 20s interval
newfig,NEW_FIGURES_20260804.ai,8,G4_oscillation_1v3_cohort__p1,figures/custom_oscillation_1v3_20260805.py,"Panel 1 of 3 from G4_oscillation_1v3_cohort. Sisterless-KT oscillation amplitude, 1- vs 3-sisterless (whole track, by behaviour, by phase)"
newfig,NEW_FIGURES_20260804.ai,8,G4_oscillation_1v3_cohort__p2,figures/custom_oscillation_1v3_20260805.py,"Panel 2 of 3 from G4_oscillation_1v3_cohort. Sisterless-KT oscillation amplitude, 1- vs 3-sisterless (whole track, by behaviour, by phase)"
newfig,NEW_FIGURES_20260804.ai,8,G4_oscillation_1v3_cohort__p3,figures/custom_oscillation_1v3_20260805.py,"Panel 3 of 3 from G4_oscillation_1v3_cohort. Sisterless-KT oscillation amplitude, 1- vs 3-sisterless (whole track, by behaviour, by phase)"
newfig,NEW_FIGURES_20260804.ai,5,G4_oscillation_chronological,figures/group4_tracking_dist.py,Polar-KT displacement per 20s over time (manual annotations; 0 implausible/flagged points removed to open markers)
supp,other_20260820.ai,1,G4_oscillation_chronological_zoom,figures/group4_tracking_dist.py,Polar-KT displacement per 20s over time (manual annotations; 2 implausible/flagged points removed to open markers) - outlier-trimmed zoom companion
newfig,NEW_FIGURES_20260804.ai,5,G4_oscillation_effective,figures/group4_movement.py,Effective (net) displacement per 20s — O10 companion
supp,other_20260820.ai,2,G4_oscillation_effective_win_meta_to_ana,figures/make_window_companions_20260729.py,G4_oscillation_effective restricted to metaphase onset to anaphase onset. oscillation amplitude is a metaphase property. Companion only — the parent keeps its full range.
newfig,NEW_FIGURES_20260804.ai,5,G4_oscillation_tracking,figures/group4_tracking_dist.py,Oscillation tracking: polar-marked vs plate-control KTs (both manual)
newfig,NEW_FIGURES_20260804.ai,6,G4_oscillation_tracking_effective,figures/group4_tracking_dist.py,Effective (net) displacement per 20s — O10 tracking companion
supp,other_20260820.ai,2,G4_oscillation_vs_time_to_event,figures/custom_rtf_questions_20260722.py,"Oscillation magnitude approaching anaphase, by chromosome size (Q6)"
supp,other_20260820.ai,2,G4_oscillation_vs_time_to_event_traces,figures/custom_metafig_subitems_20260729.py,"KT oscillation vs time to anaphase, individual tracks, per-size-group trends"
supp,other_20260820.ai,2,G4_plate_distance_chronological,figures/group4_tracking_dist.py,"Polar-KT distance-to-plate over time (single=blue shades, triple=orange shades)"
newfig,NEW_FIGURES_20260804.ai,6,G4_plate_distance_time,figures/group4_movement.py,KT-to-plate distance over time
newfig,NEW_FIGURES_20260804.ai,6,G4_plate_distance_time_metaphase,figures/group4_movement.py,KT-to-plate distance from metaphase onset (O5 companion)
newfig,NEW_FIGURES_20260804.ai,6,G4_plate_distance_time_normalized,figures/group4_tracking_dist.py,Distance to plate vs normalized mitotic progress: polar-marked vs plate-control KTs
supp,other_20260820.ai,2,G4_plate_distance_time_normalized_trendscaled,figures/group4_tracking_dist.py,Distance to plate vs normalized progress: polar vs plate-control (trend-scaled)
newfig,NEW_FIGURES_20260804.ai,6,G4_plate_distance_time_roundness,figures/group4_movement.py,"KT-to-plate distance over time, colored by cell roundness"
supp,other_20260820.ai,1,G4_plate_distance_time_roundness_1sis,figures/custom_metafig_subitems_20260729.py,KT-to-plate distance vs cell roundness - single-ablation cells
supp,other_20260820.ai,1,G4_plate_distance_time_roundness_3sis,figures/custom_metafig_subitems_20260729.py,KT-to-plate distance vs cell roundness - three-sisterless cells
supp,other_20260820.ai,2,G4_plate_distance_time_trendscaled,figures/group4_movement.py,KT-to-plate distance over time (trend-scaled)
newfig,NEW_FIGURES_20260804.ai,7,G4_plate_distance_tracking,figures/group4_tracking_dist.py,Distance to plate: polar-marked vs plate-control KTs
newfig,NEW_FIGURES_20260804.ai,7,G4_plate_distance_tracking_trendscaled,figures/group4_tracking_dist.py,Distance to plate: polar vs plate-control (trend-scaled)
0813supp,META_FIGURES_20260813_supplemental.ai,5,G4_polar_bar,figures/group4_polar_lagging.py,Polar chromosomes — fraction Yes by cohort (with between-group proportion test)
pub0813,META_FIGURES_20260813_supplemental_PUBLICATION_20260820.ai,5,G4_polar_bar,figures/group4_polar_lagging.py,Polar chromosomes — fraction Yes by cohort (with between-group proportion test)
supp,other_20260820.ai,2,G4_polar_lagging_neither_bar,figures/group4_polar_lagging.py,"Polar / Lagging / Neither chromosomes — fraction Yes by cohort, combined into one grouped-bar figure"
newfig,NEW_FIGURES_20260804.ai,7,G4_polar_lagging_vs_duration__p1,figures/group4_polar_lagging.py,Panel 1 of 2 from G4_polar_lagging_vs_duration. Polar/Lagging presence vs metaphase duration
supp,other_20260820.ai,2,G4_polar_lagging_vs_duration__p1,figures/group4_polar_lagging.py,Panel 1 of 2 from G4_polar_lagging_vs_duration. Polar/Lagging presence vs metaphase duration
newfig,NEW_FIGURES_20260804.ai,7,G4_polar_lagging_vs_duration__p2,figures/group4_polar_lagging.py,Panel 2 of 2 from G4_polar_lagging_vs_duration. Polar/Lagging presence vs metaphase duration
supp,other_20260820.ai,2,G4_polar_lagging_vs_duration__p2,figures/group4_polar_lagging.py,Panel 2 of 2 from G4_polar_lagging_vs_duration. Polar/Lagging presence vs metaphase duration
newfig,NEW_FIGURES_20260804.ai,3;7,G4_polar_lagging_vs_duration_byphase__p1,figures/group4_polar_lagging.py,"Panel 1 of 2 from G4_polar_lagging_vs_duration_byphase. Polar/Lagging presence vs metaphase duration, grouped by ablation phase"
newfig,NEW_FIGURES_20260804.ai,3;7,G4_polar_lagging_vs_duration_byphase__p2,figures/group4_polar_lagging.py,"Panel 2 of 2 from G4_polar_lagging_vs_duration_byphase. Polar/Lagging presence vs metaphase duration, grouped by ablation phase"
supp,other_20260820.ai,1,G4_polar_position_vs_time_to_anaphase__p1,figures/custom_rtf_questions_20260722.py,Panel 1 of 2 from G4_polar_position_vs_time_to_anaphase. Permanent-polar KT position vs time to anaphase (Q7)
supp,other_20260820.ai,1,G4_polar_position_vs_time_to_anaphase__p2,figures/custom_rtf_questions_20260722.py,Panel 2 of 2 from G4_polar_position_vs_time_to_anaphase. Permanent-polar KT position vs time to anaphase (Q7)
newfig,NEW_FIGURES_20260804.ai,5,G4_polar_timestrip_20250403_ptk_yfpcdc20_22__piece1,figures/group4_polar_timestrips.py,
newfig,NEW_FIGURES_20260804.ai,5,G4_polar_timestrip_20250403_ptk_yfpcdc20_22__piece2,figures/group4_polar_timestrips.py,
newfig,NEW_FIGURES_20260804.ai,5,G4_polar_timestrip_20250403_ptk_yfpcdc20_22__piece3,figures/group4_polar_timestrips.py,
newfig,NEW_FIGURES_20260804.ai,5,G4_polar_timestrip_20250403_ptk_yfpcdc20_22_aligned__piece1,figures/group4_polar_timestrips.py,
newfig,NEW_FIGURES_20260804.ai,5,G4_polar_timestrip_20250403_ptk_yfpcdc20_22_aligned__piece2,figures/group4_polar_timestrips.py,
newfig,NEW_FIGURES_20260804.ai,5,G4_polar_timestrip_20250403_ptk_yfpcdc20_22_aligned__piece3,figures/group4_polar_timestrips.py,
newfig,NEW_FIGURES_20260804.ai,5,G4_polar_timestrip_20250403_ptk_yfpcdc20_22_aligned__piece4,figures/group4_polar_timestrips.py,
newfig,NEW_FIGURES_20260804.ai,5,G4_polar_timestrip_20250403_ptk_yfpcdc20_22_aligned__piece5,figures/group4_polar_timestrips.py,
newfig,NEW_FIGURES_20260804.ai,5,G4_polar_timestrip_20250410_ptk_yfpcdc20_11__piece1,figures/group4_polar_timestrips.py,
newfig,NEW_FIGURES_20260804.ai,5,G4_polar_timestrip_20250410_ptk_yfpcdc20_11__piece2,figures/group4_polar_timestrips.py,
newfig,NEW_FIGURES_20260804.ai,5,G4_polar_timestrip_20250410_ptk_yfpcdc20_11__piece3,figures/group4_polar_timestrips.py,
newfig,NEW_FIGURES_20260804.ai,5,G4_polar_timestrip_20250410_ptk_yfpcdc20_11_aligned__piece1,figures/group4_polar_timestrips.py,
newfig,NEW_FIGURES_20260804.ai,5,G4_polar_timestrip_20250410_ptk_yfpcdc20_11_aligned__piece2,figures/group4_polar_timestrips.py,
newfig,NEW_FIGURES_20260804.ai,5,G4_polar_timestrip_20250410_ptk_yfpcdc20_11_aligned__piece3,figures/group4_polar_timestrips.py,
newfig,NEW_FIGURES_20260804.ai,5,G4_polar_timestrip_20250410_ptk_yfpcdc20_11_aligned__piece4,figures/group4_polar_timestrips.py,
newfig,NEW_FIGURES_20260804.ai,5,G4_polar_timestrip_20250410_ptk_yfpcdc20_11_aligned__piece5,figures/group4_polar_timestrips.py,
newfig,NEW_FIGURES_20260804.ai,5,G4_polar_timestrip_20260416_single_ablation_10__piece1,figures/group4_polar_timestrips.py,
newfig,NEW_FIGURES_20260804.ai,5,G4_polar_timestrip_20260416_single_ablation_10__piece2,figures/group4_polar_timestrips.py,
newfig,NEW_FIGURES_20260804.ai,5,G4_polar_timestrip_20260416_single_ablation_10__piece3,figures/group4_polar_timestrips.py,
newfig,NEW_FIGURES_20260804.ai,5,G4_polar_timestrip_20260416_single_ablation_10__piece4,figures/group4_polar_timestrips.py,
newfig,NEW_FIGURES_20260804.ai,6,G4_polar_timestrip_20260416_single_ablation_10_aligned__piece1,figures/group4_polar_timestrips.py,
newfig,NEW_FIGURES_20260804.ai,6,G4_polar_timestrip_20260416_single_ablation_10_aligned__piece2,figures/group4_polar_timestrips.py,
newfig,NEW_FIGURES_20260804.ai,6,G4_polar_timestrip_20260416_single_ablation_10_aligned__piece3,figures/group4_polar_timestrips.py,
newfig,NEW_FIGURES_20260804.ai,6,G4_polar_timestrip_20260416_single_ablation_10_aligned__piece4,figures/group4_polar_timestrips.py,
newfig,NEW_FIGURES_20260804.ai,6,G4_polar_timestrip_20260416_single_ablation_10_aligned__piece5,figures/group4_polar_timestrips.py,
newfig,NEW_FIGURES_20260804.ai,6,G4_polar_timestrip_20260416_single_ablation_15__piece1,figures/group4_polar_timestrips.py,
newfig,NEW_FIGURES_20260804.ai,6,G4_polar_timestrip_20260416_single_ablation_15__piece2,figures/group4_polar_timestrips.py,
newfig,NEW_FIGURES_20260804.ai,6,G4_polar_timestrip_20260416_single_ablation_15__piece3,figures/group4_polar_timestrips.py,
newfig,NEW_FIGURES_20260804.ai,6,G4_polar_timestrip_20260416_single_ablation_15_aligned__piece1,figures/group4_polar_timestrips.py,
newfig,NEW_FIGURES_20260804.ai,6,G4_polar_timestrip_20260416_single_ablation_15_aligned__piece2,figures/group4_polar_timestrips.py,
newfig,NEW_FIGURES_20260804.ai,6,G4_polar_timestrip_20260416_single_ablation_15_aligned__piece3,figures/group4_polar_timestrips.py,
newfig,NEW_FIGURES_20260804.ai,6,G4_polar_timestrip_20260416_single_ablation_15_aligned__piece4,figures/group4_polar_timestrips.py,
newfig,NEW_FIGURES_20260804.ai,6,G4_polar_timestrip_20260416_single_ablation_15_aligned__piece5,figures/group4_polar_timestrips.py,
0814,META_FIGURES_20260814.ai,1,G4_prepost_intensity,figures/group4_prepost.py,Pre- vs post-ablation intensity at marked KT points (targeted & paired)
pub0814,META_FIGURES_20260814_PUBLICATION_20260820.ai,1,G4_prepost_intensity,figures/group4_prepost.py,Pre- vs post-ablation intensity at marked KT points (targeted & paired)
newfig,NEW_FIGURES_20260804.ai,7,G4_prepost_intensity_nolines,figures/group4_prepost.py,Pre- vs post-ablation intensity at marked KT points (no connector lines)
newfig,NEW_FIGURES_20260804.ai,8,G4_shape_change_vs_congression_events__p1,figures/custom_new_figures_20260804.py,"Panel 1 of 4 from G4_shape_change_vs_congression_events. Cell motion/shape change around congression events, single vs triple"
newfig,NEW_FIGURES_20260804.ai,8,G4_shape_change_vs_congression_events__p2,figures/custom_new_figures_20260804.py,"Panel 2 of 4 from G4_shape_change_vs_congression_events. Cell motion/shape change around congression events, single vs triple"
newfig,NEW_FIGURES_20260804.ai,8,G4_shape_change_vs_congression_events__p3,figures/custom_new_figures_20260804.py,"Panel 3 of 4 from G4_shape_change_vs_congression_events. Cell motion/shape change around congression events, single vs triple"
newfig,NEW_FIGURES_20260804.ai,8,G4_shape_change_vs_congression_events__p4,figures/custom_new_figures_20260804.py,"Panel 4 of 4 from G4_shape_change_vs_congression_events. Cell motion/shape change around congression events, single vs triple"
0814,META_FIGURES_20260814.ai,5,G4_sisbehav_swimmer,figures/sisterless_behavior_vs_duration.py,Per-cell sisterless-KT resolution timeline sorted by metaphase duration
pub0814,META_FIGURES_20260814_PUBLICATION_20260820.ai,5,G4_sisbehav_swimmer,figures/sisterless_behavior_vs_duration.py,Per-cell sisterless-KT resolution timeline sorted by metaphase duration
supp,other_20260820.ai,1,G4_sisterless_cdc20_vs_bleaching,figures/custom_cdc20_vs_bleaching_spec_20260722.py,Sisterless-KT Cdc20 loss vs whole-cell bleaching (rebuilt to spec)
supp,other_20260820.ai,5,G4_sisterless_fluor_postabl_vs_pole__p1,figures/custom_sisterless_fluor_20260722.py,Panel 1 of 3 from G4_sisterless_fluor_postabl_vs_pole. Sisterless KT fluorescence: early / polar / polar-at-anaphase (3-point) + anaphase-aligned trace (plots-to-make #5)
supp,other_20260820.ai,5,G4_sisterless_fluor_postabl_vs_pole__p2,figures/custom_sisterless_fluor_20260722.py,Panel 2 of 3 from G4_sisterless_fluor_postabl_vs_pole. Sisterless KT fluorescence: early / polar / polar-at-anaphase (3-point) + anaphase-aligned trace (plots-to-make #5)
supp,other_20260820.ai,5,G4_sisterless_fluor_postabl_vs_pole__p3,figures/custom_sisterless_fluor_20260722.py,Panel 3 of 3 from G4_sisterless_fluor_postabl_vs_pole. Sisterless KT fluorescence: early / polar / polar-at-anaphase (3-point) + anaphase-aligned trace (plots-to-make #5)
supp,other_20260820.ai,1,G4_sisterless_longaxis_position__p1,figures/custom_sisterless_longaxis.py,Panel 1 of 3 from G4_sisterless_longaxis_position. Position along spindle long axis
supp,other_20260820.ai,1,G4_sisterless_longaxis_position__p2,figures/custom_sisterless_longaxis.py,Panel 2 of 3 from G4_sisterless_longaxis_position. Position along spindle long axis
supp,other_20260820.ai,1,G4_sisterless_longaxis_position__p3,figures/custom_sisterless_longaxis.py,Panel 3 of 3 from G4_sisterless_longaxis_position. Position along spindle long axis
supp,other_20260820.ai,3,G4_sisterless_movement_metrics__p1,figures/custom_sisterless_movement.py,Panel 1 of 2 from G4_sisterless_movement_metrics. Movement magnitude
supp,other_20260820.ai,3,G4_sisterless_movement_metrics__p2,figures/custom_sisterless_movement.py,Panel 2 of 2 from G4_sisterless_movement_metrics. Movement magnitude
0813supp,META_FIGURES_20260813_supplemental.ai,7,G4_sisterless_oscillation_phases,figures/custom_sisterless_movement.py,"#MOVE-3 oscillation near-pole vs approaching-plate, 1 vs 3 sisterless"
pub0813,META_FIGURES_20260813_supplemental_PUBLICATION_20260820.ai,7,G4_sisterless_oscillation_phases,figures/custom_sisterless_movement.py,"#MOVE-3 oscillation near-pole vs approaching-plate, 1 vs 3 sisterless"
supp,other_20260820.ai,0,G4_sisterless_oscillation_vs_length,figures/custom_sisterless_movement.py,Oscillation vs length
supp,other_20260820.ai,2,G4_velocity,figures/group4_movement.py,"KT velocity relative to plate, by ablation group"
supp,other_20260820.ai,2,G4_velocity_paired_comparison,figures/group4_movement.py,Polar/sisterless vs paired (plate) KT velocity relative to plate
supp,other_20260820.ai,2,G4_velocity_paired_comparison_win_meta_to_ana,figures/make_window_companions_20260729.py,G4_velocity_paired_comparison restricted to metaphase onset to anaphase onset. polar vs paired speed compared over the same metaphase interval. Companion only — the parent keeps its full range.
supp,other_20260820.ai,0,G4_velocity_vs_distance,figures/group4_movement.py,KT velocity vs distance from plate
supp,other_20260820.ai,0,G4_velocity_vs_distance_zoom,figures/group4_movement.py,KT velocity vs distance from plate - outlier-trimmed zoom companion
supp,other_20260820.ai,2,G4_velocity_zoom,figures/group4_movement.py,"KT velocity relative to plate, by ablation group - outlier-trimmed zoom companion"
newfig,NEW_FIGURES_20260804.ai,4,G4_zm,figures/group4_drug.py,ZM drug sensitivity violin
0814,META_FIGURES_20260814.ai,2,G4_zm_full__p1,figures/group4_drug.py,Panel 1 of 2 from G4_zm_full. ZM full comparison (5 groups)
newfig,NEW_FIGURES_20260804.ai,4,G4_zm_full__p1,figures/group4_drug.py,Panel 1 of 2 from G4_zm_full. ZM full comparison (5 groups)
pub0814,META_FIGURES_20260814_PUBLICATION_20260820.ai,2,G4_zm_full__p1,figures/group4_drug.py,Panel 1 of 2 from G4_zm_full. ZM full comparison (5 groups)
newfig,NEW_FIGURES_20260804.ai,3;4,G4_zm_full__p2,figures/group4_drug.py,Panel 2 of 2 from G4_zm_full. ZM full comparison (5 groups)
supp,other_20260820.ai,1,G5_IF_mad1hec1_pos9,figures/group5_if_timestrip.py,IF Mad1/CREST montage for 20260417 ptk2 eyfp cdc20 IF stained slide 1 pos9_1
supp,other_20260820.ai,1,G5_IF_mad1hec1_pos9_tubsub,figures/group5_if_timestrip.py,IF Mad1/CREST montage for 20260417 ptk2 eyfp cdc20 IF stained slide 1 pos9_1 (tubulin-subtracted)
0814,META_FIGURES_20260814.ai,0,G5_hec1_mad1_dot_quant__p1,figures/group5_hec1_timestrip.py,Panel 1 of 2 from G5_hec1_mad1_dot_quant. Hec1 vs Mad1 intensity at per-frame Hec1 dots
newfig,NEW_FIGURES_20260804.ai,7,G5_hec1_mad1_dot_quant__p1,figures/group5_hec1_timestrip.py,Panel 1 of 2 from G5_hec1_mad1_dot_quant. Hec1 vs Mad1 intensity at per-frame Hec1 dots
0814,META_FIGURES_20260814.ai,0,G5_hec1_mad1_dot_quant__p2,figures/group5_hec1_timestrip.py,Panel 2 of 2 from G5_hec1_mad1_dot_quant. Hec1 vs Mad1 intensity at per-frame Hec1 dots
newfig,NEW_FIGURES_20260804.ai,7,G5_hec1_mad1_dot_quant__p2,figures/group5_hec1_timestrip.py,Panel 2 of 2 from G5_hec1_mad1_dot_quant. Hec1 vs Mad1 intensity at per-frame Hec1 dots
pub0814,META_FIGURES_20260814_PUBLICATION_20260820.ai,1,G5_hec1_mad1_dot_quant_linear,figures/group5_hec1_timestrip.py,"Hec1 and Mad1 at Hec1-dot kinetochores, fold over local background, one linear axis"
newfig,NEW_FIGURES_20260804.ai,3,G5_hec1_mad1_multibatch_quant__p1,deck/archived_builders/G5_hec1_mad1_multibatch_quant__20260808.py,"Panel 1 of 2 from G5_hec1_mad1_multibatch_quant. Hec1 and Mad1 at her kinetochore marks across BOTH measurable batches (xy2 and xy5), from the corrected quantification G5_hec1_mad1_TRUE_quant.csv. xy8 has only background marks and no paired_kt, so it contributes no kinetochore measurement. Fold is over her own cytosol background on the same z-slice. Supersedes the single-batch G5_hec1_mad1_dot_quant."
0813supp,META_FIGURES_20260813_supplemental.ai,0,G5_hec1_mad1_multibatch_quant__p2,deck/archived_builders/G5_hec1_mad1_multibatch_quant__20260808.py,"Panel 2 of 2 from G5_hec1_mad1_multibatch_quant. Hec1 and Mad1 at her kinetochore marks across BOTH measurable batches (xy2 and xy5), from the corrected quantification G5_hec1_mad1_TRUE_quant.csv. xy8 has only background marks and no paired_kt, so it contributes no kinetochore measurement. Fold is over her own cytosol background on the same z-slice. Supersedes the single-batch G5_hec1_mad1_dot_quant."
pub0813,META_FIGURES_20260813_supplemental_PUBLICATION_20260820.ai,0,G5_hec1_mad1_multibatch_quant__p2,deck/archived_builders/G5_hec1_mad1_multibatch_quant__20260808.py,"Panel 2 of 2 from G5_hec1_mad1_multibatch_quant. Hec1 and Mad1 at her kinetochore marks across BOTH measurable batches (xy2 and xy5), from the corrected quantification G5_hec1_mad1_TRUE_quant.csv. xy8 has only background marks and no paired_kt, so it contributes no kinetochore measurement. Fold is over her own cytosol background on the same z-slice. Supersedes the single-batch G5_hec1_mad1_dot_quant."
0813supp,META_FIGURES_20260813_supplemental.ai,0,G5_item3_mad1_polar_vs_plate,figures/group5_mad1_polar_plate.py,Mad1 (488) at polar (sisterless) vs plate (paired) KTs; raw-16-bit disk-mean minus same-frame cytosol background; frames with all three mark types (batches 17 & 20).
pub0813,META_FIGURES_20260813_supplemental_PUBLICATION_20260820.ai,0,G5_item3_mad1_polar_vs_plate,figures/group5_mad1_polar_plate.py,Mad1 (488) at polar (sisterless) vs plate (paired) KTs; raw-16-bit disk-mean minus same-frame cytosol background; frames with all three mark types (batches 17 & 20).
0814,META_FIGURES_20260814.ai,0,G5_item4_hec1_timestrip_xy5__piece1,figures/group5_hec1_timestrip.py,
pub0814,META_FIGURES_20260814_PUBLICATION_20260820.ai,1,G5_item4_hec1_timestrip_xy5__piece1,figures/group5_hec1_timestrip.py,
0814,META_FIGURES_20260814.ai,0,G5_item4_hec1_timestrip_xy5__piece2,figures/group5_hec1_timestrip.py,
pub0814,META_FIGURES_20260814_PUBLICATION_20260820.ai,1,G5_item4_hec1_timestrip_xy5__piece2,figures/group5_hec1_timestrip.py,
0814,META_FIGURES_20260814.ai,0,G5_item4_hec1_timestrip_xy5__piece3,figures/group5_hec1_timestrip.py,
pub0814,META_FIGURES_20260814_PUBLICATION_20260820.ai,1,G5_item4_hec1_timestrip_xy5__piece3,figures/group5_hec1_timestrip.py,
0813supp,META_FIGURES_20260813_supplemental.ai,8,G5_lagging_behaviour_1_vs_3__p1,figures/custom_lagging_dynamics_20260804.py,Panel 1 of 5 from G5_lagging_behaviour_1_vs_3. Lagging behaviour compared across ablation number
pub0813,META_FIGURES_20260813_supplemental_PUBLICATION_20260820.ai,8,G5_lagging_behaviour_1_vs_3__p1,figures/custom_lagging_dynamics_20260804.py,Panel 1 of 5 from G5_lagging_behaviour_1_vs_3. Lagging behaviour compared across ablation number
newfig,NEW_FIGURES_20260804.ai,8,G5_lagging_behaviour_1_vs_3__p2,figures/custom_lagging_dynamics_20260804.py,Panel 2 of 5 from G5_lagging_behaviour_1_vs_3. Lagging behaviour compared across ablation number
newfig,NEW_FIGURES_20260804.ai,8,G5_lagging_behaviour_1_vs_3__p3,figures/custom_lagging_dynamics_20260804.py,Panel 3 of 5 from G5_lagging_behaviour_1_vs_3. Lagging behaviour compared across ablation number
newfig,NEW_FIGURES_20260804.ai,8,G5_lagging_behaviour_1_vs_3__p4,figures/custom_lagging_dynamics_20260804.py,Panel 4 of 5 from G5_lagging_behaviour_1_vs_3. Lagging behaviour compared across ablation number
0813supp,META_FIGURES_20260813_supplemental.ai,8,G5_lagging_behaviour_1_vs_3__p5,figures/custom_lagging_dynamics_20260804.py,Panel 5 of 5 from G5_lagging_behaviour_1_vs_3. Lagging behaviour compared across ablation number
pub0813,META_FIGURES_20260813_supplemental_PUBLICATION_20260820.ai,8,G5_lagging_behaviour_1_vs_3__p5,figures/custom_lagging_dynamics_20260804.py,Panel 5 of 5 from G5_lagging_behaviour_1_vs_3. Lagging behaviour compared across ablation number
newfig,NEW_FIGURES_20260804.ai,9,G5_lagging_fragmenting_timestrip,figures/custom_lagging_fragment_strips_20260810.py,"Lagging kinetochore fragmenting into up to 4 pieces, anaphase onset to maximum stretch (7.7 um), 20250910 triple_ablation_collagen_22."
0813supp,META_FIGURES_20260813_supplemental.ai,5,G5_lagging_piece_count_after_anaphase,figures/custom_lagging_dynamics_20260804.py,"Distinct polygons a lagging chromosome is traced as, over time"
pub0813,META_FIGURES_20260813_supplemental_PUBLICATION_20260820.ai,5,G5_lagging_piece_count_after_anaphase,figures/custom_lagging_dynamics_20260804.py,"Distinct polygons a lagging chromosome is traced as, over time"
0813supp,META_FIGURES_20260813_supplemental.ai,5,G5_lagging_rate_since_practical_start__p1,figures/custom_lagging_dynamics_20260804.py,Panel 1 of 2 from G5_lagging_rate_since_practical_start. Lagging elongation and recovery rates
pub0813,META_FIGURES_20260813_supplemental_PUBLICATION_20260820.ai,5,G5_lagging_rate_since_practical_start__p1,figures/custom_lagging_dynamics_20260804.py,Panel 1 of 2 from G5_lagging_rate_since_practical_start. Lagging elongation and recovery rates
0813supp,META_FIGURES_20260813_supplemental.ai,5,G5_lagging_rate_since_practical_start__p2,figures/custom_lagging_dynamics_20260804.py,Panel 2 of 2 from G5_lagging_rate_since_practical_start. Lagging elongation and recovery rates
pub0813,META_FIGURES_20260813_supplemental_PUBLICATION_20260820.ai,5,G5_lagging_rate_since_practical_start__p2,figures/custom_lagging_dynamics_20260804.py,Panel 2 of 2 from G5_lagging_rate_since_practical_start. Lagging elongation and recovery rates
0813supp,META_FIGURES_20260813_supplemental.ai,5,G5_lagging_recoverable_strain__p1,figures/custom_lagging_dynamics_20260804.py,Panel 1 of 3 from G5_lagging_recoverable_strain. Recoverable strain of single-piece lagging chromosomes
pub0813,META_FIGURES_20260813_supplemental_PUBLICATION_20260820.ai,5,G5_lagging_recoverable_strain__p1,figures/custom_lagging_dynamics_20260804.py,Panel 1 of 3 from G5_lagging_recoverable_strain. Recoverable strain of single-piece lagging chromosomes
0813supp,META_FIGURES_20260813_supplemental.ai,5,G5_lagging_recoverable_strain__p2,figures/custom_lagging_dynamics_20260804.py,Panel 2 of 3 from G5_lagging_recoverable_strain. Recoverable strain of single-piece lagging chromosomes
pub0813,META_FIGURES_20260813_supplemental_PUBLICATION_20260820.ai,5,G5_lagging_recoverable_strain__p2,figures/custom_lagging_dynamics_20260804.py,Panel 2 of 3 from G5_lagging_recoverable_strain. Recoverable strain of single-piece lagging chromosomes
newfig,NEW_FIGURES_20260804.ai,1,G5_lagging_recoverable_strain__p3,figures/custom_lagging_dynamics_20260804.py,Panel 3 of 3 from G5_lagging_recoverable_strain. Recoverable strain of single-piece lagging chromosomes
pub0814,META_FIGURES_20260814_PUBLICATION_20260820.ai,5,G5_lagging_stretch_reference,figures/custom_lagging_stretch_reference_20260821.py,Lagging kinetochore stretch against polar and paired references
newfig,NEW_FIGURES_20260804.ai,2,G5_mad1_fluor_traces_sisterless_vs_plate,figures/custom_mad1_kt_fluor_traces_20260803.py,"Individual per-kinetochore Mad1 fluorescence traces over time, sisterless vs plate KTs"
newfig,NEW_FIGURES_20260804.ai,1,G5_mad1_kt_fluor_over_time__p1,deck/archived_builders/G5_mad1_kt_fluor_over_time__mad1_20260808.py,"Panel 1 of 2 from G5_mad1_kt_fluor_over_time. Mad1 inside her kinetochore outlines, background-subtracted per frame using her own cytosol_bg mark; the mean also normalises the outline-area difference. t=0 is metaphase start, pre-metaphase annotations run negative. Track end is plotted at 0 (0 = background). Open squares are ablation-movie frames (1 z-slice) vs filled monitoring frames (multi-z); they are never pooled. The z difference is accounted for by measurement, not assumption: z-mode check: background mon/abl = 1.00 (1.00 = same scale, so subtraction reconciles them); net signal mon/abl = 0.76, n_abl=3. Anaphase excluded. sisterless > paired: Mann-Whitney p = 0.222"
newfig,NEW_FIGURES_20260804.ai,8,G5_mad1_kt_fluor_over_time__p2,deck/archived_builders/G5_mad1_kt_fluor_over_time__mad1_20260808.py,"Panel 2 of 2 from G5_mad1_kt_fluor_over_time. Mad1 inside her kinetochore outlines, background-subtracted per frame using her own cytosol_bg mark; the mean also normalises the outline-area difference. t=0 is metaphase start, pre-metaphase annotations run negative. Track end is plotted at 0 (0 = background). Open squares are ablation-movie frames (1 z-slice) vs filled monitoring frames (multi-z); they are never pooled. The z difference is accounted for by measurement, not assumption: z-mode check: background mon/abl = 1.00 (1.00 = same scale, so subtraction reconciles them); net signal mon/abl = 0.76, n_abl=3. Anaphase excluded. sisterless > paired: Mann-Whitney p = 0.222"
newfig,NEW_FIGURES_20260804.ai,6,G5_mad1_timestrip_20260303_Mad1_Ptk_Eyfpmad1_ablation_10__piece1,figures/group5_mad1_examples.py,
newfig,NEW_FIGURES_20260804.ai,6,G5_mad1_timestrip_20260303_Mad1_Ptk_Eyfpmad1_ablation_10__piece2,figures/group5_mad1_examples.py,
newfig,NEW_FIGURES_20260804.ai,6,G5_mad1_timestrip_20260303_Mad1_Ptk_Eyfpmad1_ablation_10__piece3,figures/group5_mad1_examples.py,
newfig,NEW_FIGURES_20260804.ai,6,G5_mad1_timestrip_20260303_Mad1_Ptk_Eyfpmad1_ablation_10__piece4,figures/group5_mad1_examples.py,
newfig,NEW_FIGURES_20260804.ai,6,G5_mad1_timestrip_20260303_Mad1_Ptk_Eyfpmad1_ablation_10__piece5,figures/group5_mad1_examples.py,
0813supp,META_FIGURES_20260813_supplemental.ai,3,G5_mad1_timestrip_20260303_Mad1_Ptk_Eyfpmad1_ablation_10_aligned__piece1,figures/group5_mad1_examples.py,
pub0813,META_FIGURES_20260813_supplemental_PUBLICATION_20260820.ai,3,G5_mad1_timestrip_20260303_Mad1_Ptk_Eyfpmad1_ablation_10_aligned__piece1,figures/group5_mad1_examples.py,
0813supp,META_FIGURES_20260813_supplemental.ai,3,G5_mad1_timestrip_20260303_Mad1_Ptk_Eyfpmad1_ablation_10_aligned__piece2,figures/group5_mad1_examples.py,
pub0813,META_FIGURES_20260813_supplemental_PUBLICATION_20260820.ai,3,G5_mad1_timestrip_20260303_Mad1_Ptk_Eyfpmad1_ablation_10_aligned__piece2,figures/group5_mad1_examples.py,
0813supp,META_FIGURES_20260813_supplemental.ai,3,G5_mad1_timestrip_20260303_Mad1_Ptk_Eyfpmad1_ablation_10_aligned__piece3,figures/group5_mad1_examples.py,
pub0813,META_FIGURES_20260813_supplemental_PUBLICATION_20260820.ai,3,G5_mad1_timestrip_20260303_Mad1_Ptk_Eyfpmad1_ablation_10_aligned__piece3,figures/group5_mad1_examples.py,
0813supp,META_FIGURES_20260813_supplemental.ai,3,G5_mad1_timestrip_20260303_Mad1_Ptk_Eyfpmad1_ablation_10_aligned__piece4,figures/group5_mad1_examples.py,
pub0813,META_FIGURES_20260813_supplemental_PUBLICATION_20260820.ai,3,G5_mad1_timestrip_20260303_Mad1_Ptk_Eyfpmad1_ablation_10_aligned__piece4,figures/group5_mad1_examples.py,
0813supp,META_FIGURES_20260813_supplemental.ai,3,G5_mad1_timestrip_20260303_Mad1_Ptk_Eyfpmad1_ablation_10_aligned__piece5,figures/group5_mad1_examples.py,
pub0813,META_FIGURES_20260813_supplemental_PUBLICATION_20260820.ai,3,G5_mad1_timestrip_20260303_Mad1_Ptk_Eyfpmad1_ablation_10_aligned__piece5,figures/group5_mad1_examples.py,
0813supp,META_FIGURES_20260813_supplemental.ai,3,G5_mad1_timestrip_20260303_Mad1_Ptk_Eyfpmad1_ablation_10_aligned__piece6,figures/group5_mad1_examples.py,
pub0813,META_FIGURES_20260813_supplemental_PUBLICATION_20260820.ai,3,G5_mad1_timestrip_20260303_Mad1_Ptk_Eyfpmad1_ablation_10_aligned__piece6,figures/group5_mad1_examples.py,
0813supp,META_FIGURES_20260813_supplemental.ai,3,G5_mad1_timestrip_20260303_Mad1_Ptk_Eyfpmad1_ablation_10_aligned__piece7,figures/group5_mad1_examples.py,
pub0813,META_FIGURES_20260813_supplemental_PUBLICATION_20260820.ai,3,G5_mad1_timestrip_20260303_Mad1_Ptk_Eyfpmad1_ablation_10_aligned__piece7,figures/group5_mad1_examples.py,
0813supp,META_FIGURES_20260813_supplemental.ai,3,G5_mad1_timestrip_20260304_Mad1_ablation_10_aligned__piece1,figures/group5_mad1_examples.py,
pub0813,META_FIGURES_20260813_supplemental_PUBLICATION_20260820.ai,3,G5_mad1_timestrip_20260304_Mad1_ablation_10_aligned__piece1,figures/group5_mad1_examples.py,
0813supp,META_FIGURES_20260813_supplemental.ai,3,G5_mad1_timestrip_20260304_Mad1_ablation_10_aligned__piece2,figures/group5_mad1_examples.py,
pub0813,META_FIGURES_20260813_supplemental_PUBLICATION_20260820.ai,3,G5_mad1_timestrip_20260304_Mad1_ablation_10_aligned__piece2,figures/group5_mad1_examples.py,
0813supp,META_FIGURES_20260813_supplemental.ai,3,G5_mad1_timestrip_20260304_Mad1_ablation_10_aligned__piece3,figures/group5_mad1_examples.py,
pub0813,META_FIGURES_20260813_supplemental_PUBLICATION_20260820.ai,3,G5_mad1_timestrip_20260304_Mad1_ablation_10_aligned__piece3,figures/group5_mad1_examples.py,
0813supp,META_FIGURES_20260813_supplemental.ai,3,G5_mad1_timestrip_20260304_Mad1_ablation_10_aligned__piece4,figures/group5_mad1_examples.py,
pub0813,META_FIGURES_20260813_supplemental_PUBLICATION_20260820.ai,3,G5_mad1_timestrip_20260304_Mad1_ablation_10_aligned__piece4,figures/group5_mad1_examples.py,
0813supp,META_FIGURES_20260813_supplemental.ai,3,G5_mad1_timestrip_20260304_Mad1_ablation_10_aligned__piece5,figures/group5_mad1_examples.py,
pub0813,META_FIGURES_20260813_supplemental_PUBLICATION_20260820.ai,3,G5_mad1_timestrip_20260304_Mad1_ablation_10_aligned__piece5,figures/group5_mad1_examples.py,
0813supp,META_FIGURES_20260813_supplemental.ai,3,G5_mad1_timestrip_20260304_Mad1_ablation_8_aligned__piece1,figures/group5_mad1_examples.py,
pub0813,META_FIGURES_20260813_supplemental_PUBLICATION_20260820.ai,3,G5_mad1_timestrip_20260304_Mad1_ablation_8_aligned__piece1,figures/group5_mad1_examples.py,
0813supp,META_FIGURES_20260813_supplemental.ai,3,G5_mad1_timestrip_20260304_Mad1_ablation_8_aligned__piece2,figures/group5_mad1_examples.py,
pub0813,META_FIGURES_20260813_supplemental_PUBLICATION_20260820.ai,3,G5_mad1_timestrip_20260304_Mad1_ablation_8_aligned__piece2,figures/group5_mad1_examples.py,
0813supp,META_FIGURES_20260813_supplemental.ai,3,G5_mad1_timestrip_20260304_Mad1_ablation_8_aligned__piece3,figures/group5_mad1_examples.py,
pub0813,META_FIGURES_20260813_supplemental_PUBLICATION_20260820.ai,3,G5_mad1_timestrip_20260304_Mad1_ablation_8_aligned__piece3,figures/group5_mad1_examples.py,
0813supp,META_FIGURES_20260813_supplemental.ai,3,G5_mad1_timestrip_20260304_Mad1_ablation_8_aligned__piece4,figures/group5_mad1_examples.py,
pub0813,META_FIGURES_20260813_supplemental_PUBLICATION_20260820.ai,3,G5_mad1_timestrip_20260304_Mad1_ablation_8_aligned__piece4,figures/group5_mad1_examples.py,
newfig,NEW_FIGURES_20260804.ai,6,G5_mad1_timestrip_20260304_Mad1_timelapse_1_xy6,figures/group5_mad1_examples.py,Mad1 timestrip example (20260304 Mad1_timelapse_1_xy6)
newfig,NEW_FIGURES_20260804.ai,7,G5_mad1_timestrip_20260304_Mad1_timelapse_2_xy1,figures/group5_mad1_examples.py,Mad1 timestrip example (20260304 Mad1_timelapse_2_xy1)
newfig,NEW_FIGURES_20260804.ai,7,G5_mad1_timestrip_20260304_Mad1_timelapse_2_xy10__piece1,figures/group5_mad1_examples.py,
newfig,NEW_FIGURES_20260804.ai,7,G5_mad1_timestrip_20260304_Mad1_timelapse_2_xy10__piece2,figures/group5_mad1_examples.py,
newfig,NEW_FIGURES_20260804.ai,7,G5_mad1_timestrip_20260310_ptk2_eyfp_mad1_14__piece1,figures/group5_mad1_examples.py,
newfig,NEW_FIGURES_20260804.ai,7,G5_mad1_timestrip_20260310_ptk2_eyfp_mad1_14__piece2,figures/group5_mad1_examples.py,
newfig,NEW_FIGURES_20260804.ai,7,G5_mad1_timestrip_20260310_ptk2_eyfp_mad1_14__piece3,figures/group5_mad1_examples.py,
newfig,NEW_FIGURES_20260804.ai,7,G5_mad1_timestrip_20260310_ptk2_eyfp_mad1_14__piece4,figures/group5_mad1_examples.py,
0814,META_FIGURES_20260814.ai,1,G5_mad1_timestrip_20260310_ptk2_eyfp_mad1_14_aligned__piece1,figures/group5_mad1_examples.py,
pub0814,META_FIGURES_20260814_PUBLICATION_20260820.ai,1,G5_mad1_timestrip_20260310_ptk2_eyfp_mad1_14_aligned__piece1,figures/group5_mad1_examples.py,
0814,META_FIGURES_20260814.ai,1,G5_mad1_timestrip_20260310_ptk2_eyfp_mad1_14_aligned__piece2,figures/group5_mad1_examples.py,
pub0814,META_FIGURES_20260814_PUBLICATION_20260820.ai,1,G5_mad1_timestrip_20260310_ptk2_eyfp_mad1_14_aligned__piece2,figures/group5_mad1_examples.py,
0814,META_FIGURES_20260814.ai,1,G5_mad1_timestrip_20260310_ptk2_eyfp_mad1_14_aligned__piece3,figures/group5_mad1_examples.py,
pub0814,META_FIGURES_20260814_PUBLICATION_20260820.ai,1,G5_mad1_timestrip_20260310_ptk2_eyfp_mad1_14_aligned__piece3,figures/group5_mad1_examples.py,
0814,META_FIGURES_20260814.ai,1,G5_mad1_timestrip_20260310_ptk2_eyfp_mad1_14_aligned__piece4,figures/group5_mad1_examples.py,
pub0814,META_FIGURES_20260814_PUBLICATION_20260820.ai,1,G5_mad1_timestrip_20260310_ptk2_eyfp_mad1_14_aligned__piece4,figures/group5_mad1_examples.py,
0814,META_FIGURES_20260814.ai,1,G5_mad1_timestrip_20260310_ptk2_eyfp_mad1_14_aligned__piece5,figures/group5_mad1_examples.py,
pub0814,META_FIGURES_20260814_PUBLICATION_20260820.ai,1,G5_mad1_timestrip_20260310_ptk2_eyfp_mad1_14_aligned__piece5,figures/group5_mad1_examples.py,
0813supp,META_FIGURES_20260813_supplemental.ai,0,G5_mad1_timestrip_20260310_ptk2_eyfp_mad1_8_aligned__piece1,figures/group5_mad1_examples.py,
pub0813,META_FIGURES_20260813_supplemental_PUBLICATION_20260820.ai,0,G5_mad1_timestrip_20260310_ptk2_eyfp_mad1_8_aligned__piece1,figures/group5_mad1_examples.py,
0813supp,META_FIGURES_20260813_supplemental.ai,0,G5_mad1_timestrip_20260310_ptk2_eyfp_mad1_8_aligned__piece2,figures/group5_mad1_examples.py,
pub0813,META_FIGURES_20260813_supplemental_PUBLICATION_20260820.ai,0,G5_mad1_timestrip_20260310_ptk2_eyfp_mad1_8_aligned__piece2,figures/group5_mad1_examples.py,
0813supp,META_FIGURES_20260813_supplemental.ai,0,G5_mad1_timestrip_20260310_ptk2_eyfp_mad1_8_aligned__piece3,figures/group5_mad1_examples.py,
pub0813,META_FIGURES_20260813_supplemental_PUBLICATION_20260820.ai,0,G5_mad1_timestrip_20260310_ptk2_eyfp_mad1_8_aligned__piece3,figures/group5_mad1_examples.py,
0813supp,META_FIGURES_20260813_supplemental.ai,0,G5_mad1_timestrip_20260310_ptk2_eyfp_mad1_8_aligned__piece4,figures/group5_mad1_examples.py,
pub0813,META_FIGURES_20260813_supplemental_PUBLICATION_20260820.ai,0,G5_mad1_timestrip_20260310_ptk2_eyfp_mad1_8_aligned__piece4,figures/group5_mad1_examples.py,
0813supp,META_FIGURES_20260813_supplemental.ai,0,G5_mad1_timestrip_20260310_ptk2_eyfp_mad1_8_aligned__piece5,figures/group5_mad1_examples.py,
pub0813,META_FIGURES_20260813_supplemental_PUBLICATION_20260820.ai,0,G5_mad1_timestrip_20260310_ptk2_eyfp_mad1_8_aligned__piece5,figures/group5_mad1_examples.py,
newfig,NEW_FIGURES_20260804.ai,8,G5_sac_active_kt_over_time__p1,deck/archived_builders/G5_sac_active_kt_over_time__20260808.py,"Panel 1 of 2 from G5_sac_active_kt_over_time. Kinetochores scored SAC-active (Mad1 at or above 1.5x her cytosol background) at each of her marked locations, per timepoint, one line per batch. Locations are paired across channels by (batch, time, x, y) from the corrected quantification; the hec1 measurement at the same spot establishes the location is a kinetochore. Shaded band spans thresholds 1.25x-2.0x so the trend can be seen not to depend on the cut. Right panel normalises by the number of kinetochores marked on that frame. xy2: 8/22 SAC-active at 17:34 -> 8/25 at 29:01"
newfig,NEW_FIGURES_20260804.ai,8,G5_sac_active_kt_over_time__p2,deck/archived_builders/G5_sac_active_kt_over_time__20260808.py,"Panel 2 of 2 from G5_sac_active_kt_over_time. Kinetochores scored SAC-active (Mad1 at or above 1.5x her cytosol background) at each of her marked locations, per timepoint, one line per batch. Locations are paired across channels by (batch, time, x, y) from the corrected quantification; the hec1 measurement at the same spot establishes the location is a kinetochore. Shaded band spans thresholds 1.25x-2.0x so the trend can be seen not to depend on the cut. Right panel normalises by the number of kinetochores marked on that frame. xy2: 8/22 SAC-active at 17:34 -> 8/25 at 29:01"
supp,other_20260820.ai,0,G5shape_area,figures/kt_shape_plots.py,Kinetochore area by state
0813supp,META_FIGURES_20260813_supplemental.ai,5,G5shape_circularity,figures/kt_shape_plots.py,Kinetochore circularity by state (phase-matched)
pub0813,META_FIGURES_20260813_supplemental_PUBLICATION_20260820.ai,0,G5shape_circularity,figures/kt_shape_plots.py,Kinetochore circularity by state (phase-matched)
supp,other_20260820.ai,2,G5shape_elongation,figures/kt_shape_plots.py,Kinetochore elongation by state
0813supp,META_FIGURES_20260813_supplemental.ai,5,G5shape_lagging_stretch_time,figures/kt_shape_plots.py,Lagging-kinetochore length after anaphase onset
pub0813,META_FIGURES_20260813_supplemental_PUBLICATION_20260820.ai,5,G5shape_lagging_stretch_time,figures/kt_shape_plots.py,Lagging-kinetochore length after anaphase onset
0813supp,META_FIGURES_20260813_supplemental.ai,5,G5shape_lagging_stretch_time_peak_aligned,figures/kt_shape_plots.py,"Lagging-kinetochore length, peak-aligned"
pub0813,META_FIGURES_20260813_supplemental_PUBLICATION_20260820.ai,5,G5shape_lagging_stretch_time_peak_aligned,figures/kt_shape_plots.py,"Lagging-kinetochore length, peak-aligned"
supp,other_20260820.ai,2,G5shape_major,figures/kt_shape_plots.py,Kinetochore stretch length by state
supp,other_20260820.ai,0,G5shape_major_vs_minor,figures/kt_shape_plots.py,Kinetochore shape space: major vs minor axis
supp,other_20260820.ai,1,G5shape_perimeter,figures/kt_shape_plots.py,Kinetochore perimeter by state
supp,other_20260820.ai,0,G5shape_solidity,figures/kt_shape_plots.py,Kinetochore solidity by state
newfig,NEW_FIGURES_20260804.ai,10,G6_amplitude_by_definition_panels,figures/custom_osc_definition_panels_20260810.py,"Oscillation amplitude per kinetochore, under seven definitions
paired KTs only"
newfig,NEW_FIGURES_20260804.ai,8,G6_amplitude_summary_statistic_sensitivity,figures/custom_prometa_vs_meta_20260810.py,"Oscillation amplitude recomputed under seven summary statistics, for both the metaphase:metaphase and prometaphase:metaphase comparisons."
0814,META_FIGURES_20260814.ai,8,G6_anaphase_kt_speed_single_vs_triple,figures/custom_new_figures_20260804.py,"Kinetochore speed during anaphase, single vs triple (per kinetochore)"
pub0814,META_FIGURES_20260814_PUBLICATION_20260820.ai,8,G6_anaphase_kt_speed_single_vs_triple,figures/custom_new_figures_20260804.py,"Kinetochore speed during anaphase, single vs triple (per kinetochore)"
newfig,NEW_FIGURES_20260804.ai,8,G6_area_vs_distortion_over_metaphase__p1,figures/custom_area_vs_distortion_20260805.py,Panel 1 of 3 from G6_area_vs_distortion_over_metaphase. Kinetochore area over metaphase and its relationship to spindle-axis distortion
newfig,NEW_FIGURES_20260804.ai,8,G6_area_vs_distortion_over_metaphase__p2,figures/custom_area_vs_distortion_20260805.py,Panel 2 of 3 from G6_area_vs_distortion_over_metaphase. Kinetochore area over metaphase and its relationship to spindle-axis distortion
newfig,NEW_FIGURES_20260804.ai,8,G6_area_vs_distortion_over_metaphase__p3,figures/custom_area_vs_distortion_20260805.py,Panel 3 of 3 from G6_area_vs_distortion_over_metaphase. Kinetochore area over metaphase and its relationship to spindle-axis distortion
newfig,NEW_FIGURES_20260804.ai,10,G6_osc_metric_sensitivity_threegroup,figures/custom_osc_metric_sensitivity_20260810.py,"Amplitude recomputed 7 ways and period 6 ways, per kinetochore, to test whether the three-group relationships depend on the summary statistic."
newfig,NEW_FIGURES_20260804.ai,1,G6_oscillation_over_metaphase,figures/custom_new_figures_20260804.py,"Oscillation over metaphase, single vs triple"
newfig,NEW_FIGURES_20260804.ai,10,G6_period_by_definition_panels,figures/custom_osc_definition_panels_20260810.py,"Oscillation period per kinetochore, under six definitions
paired KTs only; the 30.3-min prometaphase outlier is excluded throughout"
newfig,NEW_FIGURES_20260804.ai,9,G6_polar_dist_to_plate_over_metaphase__p1,deck/archived_builders/G6_polar_dist_to_plate_over_metaphase__20260808.py,"Panel 1 of 2 from G6_polar_dist_to_plate_over_metaphase. Perpendicular distance from each polar-kinetochore track centroid to her traced metaphase plate segment, over metaphase (t=0 metaphase start, cut at anaphase onset). Single- and triple-sisterless cohorts assigned by master '# Sisterless KTs', not by batch name. Both quantities are her marks in the same image frame, so rigid stage drift cancels exactly."
newfig,NEW_FIGURES_20260804.ai,2,G6_polar_dist_to_plate_over_metaphase__p2,deck/archived_builders/G6_polar_dist_to_plate_over_metaphase__20260808.py,"Panel 2 of 2 from G6_polar_dist_to_plate_over_metaphase. Perpendicular distance from each polar-kinetochore track centroid to her traced metaphase plate segment, over metaphase (t=0 metaphase start, cut at anaphase onset). Single- and triple-sisterless cohorts assigned by master '# Sisterless KTs', not by batch name. Both quantities are her marks in the same image frame, so rigid stage drift cancels exactly."
newfig,NEW_FIGURES_20260804.ai,8,G6_polar_distortion_single_vs_triple,figures/custom_new_figures_20260804.py,"Polar-kinetochore distortion along the spindle axis, single vs triple"
0814,META_FIGURES_20260814.ai,7,G6_polar_distortion_vs_chromolen_1v3,figures/custom_polar_tension_vs_chromolen_20260805.py,"Polar-KT spindle-axis distortion vs chromosome length, single AND triple (all joined KTs)"
pub0814,META_FIGURES_20260814_PUBLICATION_20260820.ai,7,G6_polar_distortion_vs_chromolen_1v3,figures/custom_polar_tension_vs_chromolen_20260805.py,"Polar-KT spindle-axis distortion vs chromosome length, single AND triple (all joined KTs)"
newfig,NEW_FIGURES_20260804.ai,8,G6_polar_distortion_vs_chromolen_single,figures/custom_polar_tension_vs_chromolen_20260805.py,"Polar-KT spindle-axis distortion vs chromosome length, single-sisterless"
newfig,NEW_FIGURES_20260804.ai,1,G6_polar_equivalent_kk_over_metaphase,figures/custom_new_figures_20260804.py,"Polar-KT equivalent k-k over metaphase, single vs triple"
0814,META_FIGURES_20260814.ai,8,G6_polar_equivalent_kk_single_vs_triple,figures/custom_new_figures_20260804.py,"Polar-kinetochore equivalent k-k, single vs triple"
pub0814,META_FIGURES_20260814_PUBLICATION_20260820.ai,7,G6_polar_equivalent_kk_single_vs_triple,figures/custom_new_figures_20260804.py,"Polar-kinetochore equivalent k-k, single vs triple"
0814,META_FIGURES_20260814.ai,4,G6_polepole_approx_absolute_time,figures/custom_new_figures_20260804.py,"Change in pole-to-pole distance vs absolute metaphase time, 1 vs 3 sisterless"
pub0814,META_FIGURES_20260814_PUBLICATION_20260820.ai,4,G6_polepole_approx_absolute_time,figures/custom_new_figures_20260804.py,"Change in pole-to-pole distance vs absolute metaphase time, 1 vs 3 sisterless"
newfig,NEW_FIGURES_20260804.ai,8,G6_polepole_approx_over_metaphase,figures/custom_new_figures_20260804.py,"Pole-to-pole approximation over metaphase, 1- vs 3-sisterless"
newfig,NEW_FIGURES_20260804.ai,8,G6_sister_oscillation_single_vs_triple__p1,figures/custom_new_figures_20260804.py,"Panel 1 of 2 from G6_sister_oscillation_single_vs_triple. Sister-KT oscillation amplitude and period, single vs triple"
newfig,NEW_FIGURES_20260804.ai,8,G6_sister_oscillation_single_vs_triple__p2,figures/custom_new_figures_20260804.py,"Panel 2 of 2 from G6_sister_oscillation_single_vs_triple. Sister-KT oscillation amplitude and period, single vs triple"
newfig,NEW_FIGURES_20260804.ai,9,G6_three_group_amplitude,figures/custom_prometa_vs_meta_20260810.py,"Oscillation amplitude per kinetochore; single appears twice, as its own prometaphase and its own metaphase."
newfig,NEW_FIGURES_20260804.ai,9,G6_three_group_meankk,figures/custom_prometa_vs_meta_20260810.py,"Mean k-k per sister pair; single appears twice, as its own prometaphase and its own metaphase."
newfig,NEW_FIGURES_20260804.ai,9,G6_three_group_model,figures/custom_prometa_vs_meta_20260810.py,"Model waves built from each group's median oscillation amplitude and period: single-sisterless prometaphase, single-sisterless metaphase, triple-sisterless metaphase."
newfig,NEW_FIGURES_20260804.ai,9,G6_three_group_period,figures/custom_prometa_vs_meta_20260810.py,"Oscillation period per kinetochore; single appears twice, as its own prometaphase and its own metaphase."
supp,other_20260820.ai,1,G6cell_ktdist_vs_cellarea,figures/kt_cell_outline.py,polar KT distance to plate (µm) vs cell area (µm²)
supp,other_20260820.ai,1,G6cell_ktstretch_vs_cellcirc,figures/kt_cell_outline.py,polar KT stretch (aspect) vs cell circularity
0814,META_FIGURES_20260814.ai,8,G6kk_zoom_candidates,figures/custom_kk_zoom_candidates_20260816.py,"k-k illustration candidates, 1 vs 3 sisterless (untargeted paired sisters)"
supp,other_20260820.ai,2,G6kk_zoom_candidates,figures/custom_kk_zoom_candidates_20260816.py,"k-k illustration candidates, 1 vs 3 sisterless (untargeted paired sisters)"
supp,other_20260820.ai,0,G6osc_example_traces__p1,figures/kt_oscillation.py,Panel 1 of 8 from G6osc_example_traces. Polar stretch/retreat traces
supp,other_20260820.ai,0,G6osc_example_traces__p2,figures/kt_oscillation.py,Panel 2 of 8 from G6osc_example_traces. Polar stretch/retreat traces
supp,other_20260820.ai,0,G6osc_example_traces__p3,figures/kt_oscillation.py,Panel 3 of 8 from G6osc_example_traces. Polar stretch/retreat traces
supp,other_20260820.ai,0,G6osc_example_traces__p4,figures/kt_oscillation.py,Panel 4 of 8 from G6osc_example_traces. Polar stretch/retreat traces
supp,other_20260820.ai,0,G6osc_example_traces__p5,figures/kt_oscillation.py,Panel 5 of 8 from G6osc_example_traces. Polar stretch/retreat traces
supp,other_20260820.ai,0,G6osc_example_traces__p6,figures/kt_oscillation.py,Panel 6 of 8 from G6osc_example_traces. Polar stretch/retreat traces
supp,other_20260820.ai,2,G6osc_period_by_state,figures/kt_oscillation.py,Oscillation period by state
newfig,NEW_FIGURES_20260804.ai,8,G6perkt_lagging_minor,figures/custom_perkt_vs_percell_20260810.py,"lagging kinetochore minor_um, single vs triple, shown per KINETOCHORE and per CELL"
newfig,NEW_FIGURES_20260804.ai,8,G6perkt_lagging_reflasym,figures/custom_perkt_vs_percell_20260810.py,"lagging kinetochore reflection_asym_perp, single vs triple, shown per KINETOCHORE and per CELL"
newfig,NEW_FIGURES_20260804.ai,8,G6perkt_paired_anisotropy,figures/custom_perkt_vs_percell_20260810.py,"paired kinetochore anisotropy_par_perp, single vs triple, shown per KINETOCHORE and per CELL"
newfig,NEW_FIGURES_20260804.ai,8,G6perkt_paired_area_toward,figures/custom_perkt_vs_percell_20260810.py,"paired kinetochore area_toward_um2, single vs triple, shown per KINETOCHORE and per CELL"
newfig,NEW_FIGURES_20260804.ai,8,G6perkt_paired_chromo_len,figures/custom_perkt_vs_percell_20260810.py,"paired kinetochore chromo_len_um, single vs triple, shown per KINETOCHORE and per CELL"
newfig,NEW_FIGURES_20260804.ai,8,G6perkt_paired_dist_to_plate,figures/custom_perkt_vs_percell_20260810.py,"paired kinetochore dist_to_plate_um, single vs triple, shown per KINETOCHORE and per CELL"
newfig,NEW_FIGURES_20260804.ai,8,G6perkt_paired_major,figures/custom_perkt_vs_percell_20260810.py,"paired kinetochore major_um, single vs triple, shown per KINETOCHORE and per CELL"
newfig,NEW_FIGURES_20260804.ai,8,G6perkt_paired_stretch_radial,figures/custom_perkt_vs_percell_20260810.py,"paired kinetochore stretch_radial_deg, single vs triple, shown per KINETOCHORE and per CELL"
newfig,NEW_FIGURES_20260804.ai,8,G6perkt_polar_area,figures/custom_perkt_vs_percell_20260810.py,"polar kinetochore area_um2, single vs triple, shown per KINETOCHORE and per CELL"
newfig,NEW_FIGURES_20260804.ai,8,G6perkt_polar_area_away,figures/custom_perkt_vs_percell_20260810.py,"polar kinetochore area_away_um2, single vs triple, shown per KINETOCHORE and per CELL"
newfig,NEW_FIGURES_20260804.ai,8,G6perkt_polar_stretch_radial,figures/custom_perkt_vs_percell_20260810.py,"polar kinetochore stretch_radial_deg, single vs triple, shown per KINETOCHORE and per CELL"
supp,other_20260820.ai,2,G6poly_time_dist_area_3d,figures/kt_polar_3d.py,polar time x dist x area (3D)
supp,other_20260820.ai,2,G6ppt_area,figures/kt_polar_phase_time.py,area
supp,other_20260820.ai,2,G6ppt_dist,figures/kt_polar_phase_time.py,distance-to-plate
supp,other_20260820.ai,0,G6sis_distance_hist,figures/kt_sisters.py,Sister-pair metaphase separation
supp,other_20260820.ai,1,G6sis_separation_time,figures/kt_sisters.py,Sister separation over time
newfig,NEW_FIGURES_20260804.ai,9,G6six_polar_paired_20250402_ptk_yfpcdc20_13,figures/custom_six_polar_paired_strips_20260810.py,"Polar and paired kinetochore close-ups for 20250402 ptk_yfpcdc20_13, same timepoint per column, 8.7 um window, to anaphase."
newfig,NEW_FIGURES_20260804.ai,9,G6six_polar_paired_20250404_ptk_yfpcdc20_11,figures/custom_six_polar_paired_strips_20260810.py,"Polar and paired kinetochore close-ups for 20250404 ptk_yfpcdc20_11, same timepoint per column, 8.7 um window, to anaphase."
newfig,NEW_FIGURES_20260804.ai,9,G6six_polar_paired_20250423_ptk_yfpcdc20_26,figures/custom_six_polar_paired_strips_20260810.py,"Polar and paired kinetochore close-ups for 20250423 ptk_yfpcdc20_26, same timepoint per column, 8.7 um window, to anaphase."
newfig,NEW_FIGURES_20260804.ai,9,G6six_polar_paired_20250904_triple_ablation_8,figures/custom_six_polar_paired_strips_20260810.py,"Polar and paired kinetochore close-ups for 20250904 triple_ablation_8, same timepoint per column, 8.7 um window, to anaphase."
newfig,NEW_FIGURES_20260804.ai,9,G6six_polar_paired_20260108_two_sisterless_kinetochores_14,figures/custom_six_polar_paired_strips_20260810.py,"Polar and paired kinetochore close-ups for 20260108 two_sisterless_kinetochores_14, same timepoint per column, 8.7 um window, to anaphase."
newfig,NEW_FIGURES_20260804.ai,9,G6six_polar_paired_20260417_ptk2_eyfp_cdc20_ablation_18,figures/custom_six_polar_paired_strips_20260810.py,"Polar and paired kinetochore close-ups for 20260417 ptk2 eyfp cdc20 ablation_18, same timepoint per column, 8.7 um window, to anaphase."
newfig,NEW_FIGURES_20260804.ai,2,G6tenM_chromolen_covariates__p1,figures/kt_tension_metaphase.py,"Panel 1 of 3 from G6tenM_chromolen_covariates. What scales with chromosome length in polar cells, if equivalent k-k tension does not (item 7)"
0813supp,META_FIGURES_20260813_supplemental.ai,7,G6tenM_chromolen_covariates__p2,figures/kt_tension_metaphase.py,"Panel 2 of 3 from G6tenM_chromolen_covariates. What scales with chromosome length in polar cells, if equivalent k-k tension does not (item 7)"
pub0813,META_FIGURES_20260813_supplemental_PUBLICATION_20260820.ai,7,G6tenM_chromolen_covariates__p2,figures/kt_tension_metaphase.py,"Panel 2 of 3 from G6tenM_chromolen_covariates. What scales with chromosome length in polar cells, if equivalent k-k tension does not (item 7)"
newfig,NEW_FIGURES_20260804.ai,2,G6tenM_chromolen_covariates__p3,figures/kt_tension_metaphase.py,"Panel 3 of 3 from G6tenM_chromolen_covariates. What scales with chromosome length in polar cells, if equivalent k-k tension does not (item 7)"
newfig,NEW_FIGURES_20260804.ai,3,G6tenM_chromolen_vs_tension,figures/kt_tension_metaphase.py,chromosome length vs polar KT spindle-axis distortion (metaphase only)
0814,META_FIGURES_20260814.ai,7,G6tenM_equivalent_kk,figures/kt_tension_metaphase.py,polar vs paired spindle-axis distortion (metaphase only)
pub0814,META_FIGURES_20260814_PUBLICATION_20260820.ai,7,G6tenM_equivalent_kk,figures/kt_tension_metaphase.py,polar vs paired spindle-axis distortion (metaphase only)
0814,META_FIGURES_20260814.ai,8,G6tenM_equivalent_kk_over_time,figures/kt_tension_metaphase.py,measured sister k-k over metaphase — single vs triple (equivalency series removed 2026-08-05)
pub0814,META_FIGURES_20260814_PUBLICATION_20260820.ai,8,G6tenM_equivalent_kk_over_time,figures/kt_tension_metaphase.py,measured sister k-k over metaphase — single vs triple (equivalency series removed 2026-08-05)
0813supp,META_FIGURES_20260813_supplemental.ai,7,G6tenM_flatness_polar_vs_paired,figures/kt_tension_metaphase.py,Within-cell temporal variability of polar vs paired spindle-axis distortion over metaphase
pub0813,META_FIGURES_20260813_supplemental_PUBLICATION_20260820.ai,7,G6tenM_flatness_polar_vs_paired,figures/kt_tension_metaphase.py,Within-cell temporal variability of polar vs paired spindle-axis distortion over metaphase
0814,META_FIGURES_20260814.ai,7,G6tenM_polar_tension_timelines,figures/kt_tension_metaphase.py,"polar relative distortion timelines, spindle axis (metaphase only)"
pub0814,META_FIGURES_20260814_PUBLICATION_20260820.ai,7,G6tenM_polar_tension_timelines,figures/kt_tension_metaphase.py,"polar relative distortion timelines, spindle axis (metaphase only)"
newfig,NEW_FIGURES_20260804.ai,8,G6tenM_polar_vs_paired_percell,figures/kt_tension_metaphase.py,per-cell polar/paired spindle-axis distortion ratio (each cell its own control)
newfig,NEW_FIGURES_20260804.ai,8,G6tenM_strain_by_state,figures/kt_tension_metaphase.py,spindle-axis distortion by state (metaphase only)
0813supp,META_FIGURES_20260813_supplemental.ai,8,G6tenM_strain_over_time,figures/kt_tension_metaphase.py,"spindle-axis distortion over metaphase — split single vs triple, with mean-metaphase lines"
pub0813,META_FIGURES_20260813_supplemental_PUBLICATION_20260820.ai,8,G6tenM_strain_over_time,figures/kt_tension_metaphase.py,"spindle-axis distortion over metaphase — split single vs triple, with mean-metaphase lines"
0814,META_FIGURES_20260814.ai,7,G6ten_peakzoom__p12,figures/custom_ab7_peak_zooms_20260816.py,Artboard-7 peak zooms for 20250402 ptk_yfpcdc20_13 (panel __p12)
supp,other_20260820.ai,0,G6ten_peakzoom__p12,figures/custom_ab7_peak_zooms_20260816.py,Artboard-7 peak zooms for 20250402 ptk_yfpcdc20_13 (panel __p12)
0814,META_FIGURES_20260814.ai,7,G6ten_peakzoom__p15,figures/custom_ab7_peak_zooms_20260816.py,Artboard-7 peak zooms for 20250423 ptk_yfpcdc20_26 (panel __p15)
supp,other_20260820.ai,0,G6ten_peakzoom__p15,figures/custom_ab7_peak_zooms_20260816.py,Artboard-7 peak zooms for 20250423 ptk_yfpcdc20_26 (panel __p15)
0814,META_FIGURES_20260814.ai,7,G6ten_peakzoom__p2,figures/custom_ab7_peak_zooms_20260816.py,Artboard-7 peak zooms for 20250904 triple_ablation_8 (panel __p2)
supp,other_20260820.ai,0,G6ten_peakzoom__p2,figures/custom_ab7_peak_zooms_20260816.py,Artboard-7 peak zooms for 20250904 triple_ablation_8 (panel __p2)
0814,META_FIGURES_20260814.ai,7,G6ten_peakzoom__p3,figures/custom_ab7_peak_zooms_20260816.py,Artboard-7 peak zooms for 20260108 two_sisterless_kinetochores_14 (panel __p3)
supp,other_20260820.ai,0,G6ten_peakzoom__p3,figures/custom_ab7_peak_zooms_20260816.py,Artboard-7 peak zooms for 20260108 two_sisterless_kinetochores_14 (panel __p3)
0814,META_FIGURES_20260814.ai,7,G6ten_peakzoom__p5,figures/custom_ab7_peak_zooms_20260816.py,Artboard-7 peak zooms for 20260417 ptk2 eyfp cdc20 ablation_18 (panel __p5)
supp,other_20260820.ai,0,G6ten_peakzoom__p5,figures/custom_ab7_peak_zooms_20260816.py,Artboard-7 peak zooms for 20260417 ptk2 eyfp cdc20 ablation_18 (panel __p5)
0814,META_FIGURES_20260814.ai,7,G6ten_peakzoom__p9,figures/custom_ab7_peak_zooms_20260816.py,Artboard-7 peak zooms for 20250404 ptk_yfpcdc20_11 (panel __p9)
supp,other_20260820.ai,0,G6ten_peakzoom__p9,figures/custom_ab7_peak_zooms_20260816.py,Artboard-7 peak zooms for 20250404 ptk_yfpcdc20_11 (panel __p9)
supp,other_20260820.ai,2,G6ten_strain_by_state,figures/kt_tension.py,"spindle-axis distortion by state — phase-matched: paired & polar during METAPHASE, lagging during ANAPHASE — each state scored in the window where that label describes the kinetochore"
supp,other_20260820.ai,1,G6ten_validate_strain_vs_kk,figures/kt_tension.py,strain vs k-k validation (metaphase)
0814,META_FIGURES_20260814.ai,7,G6ten_withincell_over_time__p12,figures/kt_tension_withincell.py,"Panel 12 of 21 from G6ten_withincell_over_time. within-cell polar vs paired spindle-axis distortion over time; blue = metaphase onset, red = anaphase onset"
pub0814,META_FIGURES_20260814_PUBLICATION_20260820.ai,7,G6ten_withincell_over_time__p12,figures/kt_tension_withincell.py,"Panel 12 of 21 from G6ten_withincell_over_time. within-cell polar vs paired spindle-axis distortion over time; blue = metaphase onset, red = anaphase onset"
0814,META_FIGURES_20260814.ai,7,G6ten_withincell_over_time__p15,figures/kt_tension_withincell.py,"Panel 15 of 21 from G6ten_withincell_over_time. within-cell polar vs paired spindle-axis distortion over time; blue = metaphase onset, red = anaphase onset"
pub0814,META_FIGURES_20260814_PUBLICATION_20260820.ai,7,G6ten_withincell_over_time__p15,figures/kt_tension_withincell.py,"Panel 15 of 21 from G6ten_withincell_over_time. within-cell polar vs paired spindle-axis distortion over time; blue = metaphase onset, red = anaphase onset"
0814,META_FIGURES_20260814.ai,7,G6ten_withincell_over_time__p2,figures/kt_tension_withincell.py,"Panel 2 of 21 from G6ten_withincell_over_time. within-cell polar vs paired spindle-axis distortion over time; blue = metaphase onset, red = anaphase onset"
pub0814,META_FIGURES_20260814_PUBLICATION_20260820.ai,7,G6ten_withincell_over_time__p2,figures/kt_tension_withincell.py,"Panel 2 of 21 from G6ten_withincell_over_time. within-cell polar vs paired spindle-axis distortion over time; blue = metaphase onset, red = anaphase onset"
0814,META_FIGURES_20260814.ai,7,G6ten_withincell_over_time__p3,figures/kt_tension_withincell.py,"Panel 3 of 21 from G6ten_withincell_over_time. within-cell polar vs paired spindle-axis distortion over time; blue = metaphase onset, red = anaphase onset"
pub0814,META_FIGURES_20260814_PUBLICATION_20260820.ai,7,G6ten_withincell_over_time__p3,figures/kt_tension_withincell.py,"Panel 3 of 21 from G6ten_withincell_over_time. within-cell polar vs paired spindle-axis distortion over time; blue = metaphase onset, red = anaphase onset"
0814,META_FIGURES_20260814.ai,7,G6ten_withincell_over_time__p5,figures/kt_tension_withincell.py,"Panel 5 of 21 from G6ten_withincell_over_time. within-cell polar vs paired spindle-axis distortion over time; blue = metaphase onset, red = anaphase onset"
pub0814,META_FIGURES_20260814_PUBLICATION_20260820.ai,7,G6ten_withincell_over_time__p5,figures/kt_tension_withincell.py,"Panel 5 of 21 from G6ten_withincell_over_time. within-cell polar vs paired spindle-axis distortion over time; blue = metaphase onset, red = anaphase onset"
0814,META_FIGURES_20260814.ai,7,G6ten_withincell_over_time__p9,figures/kt_tension_withincell.py,"Panel 9 of 21 from G6ten_withincell_over_time. within-cell polar vs paired spindle-axis distortion over time; blue = metaphase onset, red = anaphase onset"
pub0814,META_FIGURES_20260814_PUBLICATION_20260820.ai,7,G6ten_withincell_over_time__p9,figures/kt_tension_withincell.py,"Panel 9 of 21 from G6ten_withincell_over_time. within-cell polar vs paired spindle-axis distortion over time; blue = metaphase onset, red = anaphase onset"
0813supp,META_FIGURES_20260813_supplemental.ai,5,G6timeMA_dist,figures/kt_time_meta2ana.py,"Kinetochore distance-to-plate (metaphase->anaphase, no lagging)"
pub0813,META_FIGURES_20260813_supplemental_PUBLICATION_20260820.ai,5,G6timeMA_dist,figures/kt_time_meta2ana.py,"Kinetochore distance-to-plate (metaphase->anaphase, no lagging)"
supp,other_20260820.ai,2,G6timeMA_speed,figures/kt_time_meta2ana.py,"Kinetochore speed (metaphase->anaphase, no lagging)"
0813supp,META_FIGURES_20260813_supplemental.ai,7,G6time_area,figures/kt_time_trajectories.py,Kinetochore area over mitosis
pub0813,META_FIGURES_20260813_supplemental_PUBLICATION_20260820.ai,7,G6time_area,figures/kt_time_trajectories.py,Kinetochore area over mitosis
supp,other_20260820.ai,2,G6time_dist,figures/kt_time_trajectories.py,Kinetochore distance-to-plate over mitosis
supp,other_20260820.ai,2,G6trk_area,figures/kt_track_plots.py,Kinetochore area by state (tracked; lagging removed)
supp,other_20260820.ai,2,G6trk_area_vs_time__p1,figures/kt_track_plots2.py,Panel 1 of 3 from G6trk_area_vs_time. Polar-KT area vs mitotic time
supp,other_20260820.ai,2,G6trk_area_vs_time__p2,figures/kt_track_plots2.py,Panel 2 of 3 from G6trk_area_vs_time. Polar-KT area vs mitotic time
supp,other_20260820.ai,2,G6trk_area_vs_time__p3,figures/kt_track_plots2.py,Panel 3 of 3 from G6trk_area_vs_time. Polar-KT area vs mitotic time
supp,other_20260820.ai,2,G6trk_aspect_vs_time__p1,figures/kt_track_plots2.py,Panel 1 of 3 from G6trk_aspect_vs_time. Polar-KT stretch vs mitotic time
supp,other_20260820.ai,2,G6trk_aspect_vs_time__p2,figures/kt_track_plots2.py,Panel 2 of 3 from G6trk_aspect_vs_time. Polar-KT stretch vs mitotic time
supp,other_20260820.ai,2,G6trk_aspect_vs_time__p3,figures/kt_track_plots2.py,Panel 3 of 3 from G6trk_aspect_vs_time. Polar-KT stretch vs mitotic time
supp,other_20260820.ai,2,G6trk_chromolen_vs_speed,figures/kt_track_plots.py,median speed (µm/min) vs chromosome length
supp,other_20260820.ai,2,G6trk_circ_vs_time__p1,figures/kt_track_plots2.py,Panel 1 of 3 from G6trk_circ_vs_time. Polar-KT circularity vs mitotic time
supp,other_20260820.ai,2,G6trk_circ_vs_time__p2,figures/kt_track_plots2.py,Panel 2 of 3 from G6trk_circ_vs_time. Polar-KT circularity vs mitotic time
supp,other_20260820.ai,2,G6trk_circ_vs_time__p3,figures/kt_track_plots2.py,Panel 3 of 3 from G6trk_circ_vs_time. Polar-KT circularity vs mitotic time
0813supp,META_FIGURES_20260813_supplemental.ai,7,G6trk_circ_vs_ttana,figures/kt_track_plots.py,Polar-KT circularity vs time to anaphase
pub0813,META_FIGURES_20260813_supplemental_PUBLICATION_20260820.ai,7,G6trk_circ_vs_ttana,figures/kt_track_plots.py,Polar-KT circularity vs time to anaphase
newfig,NEW_FIGURES_20260804.ai,8,G6trk_circ_vs_ttana_4group,figures/kt_track_plots.py,"Kinetochore circularity vs time to anaphase — polar & paired, single & triple"
supp,other_20260820.ai,2,G6trk_dist_to_plate,figures/kt_track_plots.py,"Kinetochore distance from the plate by state (phase-matched: paired/polar metaphase, lagging anaphase)"
supp,other_20260820.ai,1,G6trk_dist_vs_time__p1,figures/kt_track_plots2.py,Panel 1 of 3 from G6trk_dist_vs_time. Polar-KT distance-to-plate vs mitotic time
supp,other_20260820.ai,1,G6trk_dist_vs_time__p2,figures/kt_track_plots2.py,Panel 2 of 3 from G6trk_dist_vs_time. Polar-KT distance-to-plate vs mitotic time
supp,other_20260820.ai,1,G6trk_dist_vs_time__p3,figures/kt_track_plots2.py,Panel 3 of 3 from G6trk_dist_vs_time. Polar-KT distance-to-plate vs mitotic time
newfig,NEW_FIGURES_20260804.ai,8,G6trk_distance_cumulative_4group,figures/kt_track_plots.py,"Cumulative distance covered per kinetochore over time, four groups"
supp,other_20260820.ai,2,G6trk_distance_per20s,figures/kt_track_plots.py,"Kinetochore step size (per 20 s) by state — phase-matched: paired & polar measured during METAPHASE, lagging during ANAPHASE — each state scored in the window where that label describes the kinetochore"
newfig,NEW_FIGURES_20260804.ai,8,G6trk_distance_per_min_4group,figures/kt_track_plots.py,"Distance travelled per kinetochore per minute, four groups"
supp,other_20260820.ai,2,G6trk_distance_total,figures/kt_track_plots.py,"Total distance travelled per kinetochore — phase-matched: paired & polar measured during METAPHASE, lagging during ANAPHASE — each state scored in the window where that label describes the kinetochore"
supp,other_20260820.ai,0,G6trk_speed_vs_time__p1,figures/kt_track_plots2.py,Panel 1 of 3 from G6trk_speed_vs_time. Polar-KT speed vs mitotic time
supp,other_20260820.ai,0,G6trk_speed_vs_time__p2,figures/kt_track_plots2.py,Panel 2 of 3 from G6trk_speed_vs_time. Polar-KT speed vs mitotic time
supp,other_20260820.ai,0,G6trk_speed_vs_time__p3,figures/kt_track_plots2.py,Panel 3 of 3 from G6trk_speed_vs_time. Polar-KT speed vs mitotic time
newfig,NEW_FIGURES_20260804.ai,8,G6trk_speed_vs_ttana_4group,figures/kt_track_plots.py,"Kinetochore speed vs time to anaphase — polar & paired, single & triple"
supp,other_20260820.ai,1,G6trk_stretch_radial,figures/kt_track_plots.py,Stretch DIRECTION relative to plate by state
supp,other_20260820.ai,0,G6trk_toward_vs_away__p1,figures/kt_track_plots.py,Panel 1 of 5 from G6trk_toward_vs_away. Polar toward vs away from plate
supp,other_20260820.ai,0,G6trk_toward_vs_away__p2,figures/kt_track_plots.py,Panel 2 of 5 from G6trk_toward_vs_away. Polar toward vs away from plate
supp,other_20260820.ai,0,G6trk_toward_vs_away__p3,figures/kt_track_plots.py,Panel 3 of 5 from G6trk_toward_vs_away. Polar toward vs away from plate
supp,other_20260820.ai,0,G6trk_toward_vs_away__p4,figures/kt_track_plots.py,Panel 4 of 5 from G6trk_toward_vs_away. Polar toward vs away from plate
supp,other_20260820.ai,0,G6trk_toward_vs_away__p5,figures/kt_track_plots.py,Panel 5 of 5 from G6trk_toward_vs_away. Polar toward vs away from plate
newfig,NEW_FIGURES_20260804.ai,2,G7_kt_movement_vs_context__p1,deck/archived_builders/G7_kt_movement_vs_context__20260808.py,"Panel 1 of 8 from G7_kt_movement_vs_context. Paired (top) and polar (bottom) kinetochore speed against four contexts, per frame, in triple-ablation cells: number of polar KTs present, number of lagging KTs present, time in metaphase, and congression progress. Counts are per-frame from her outlines, not per-cell summaries. Speeds use drift-corrected coordinates. Metaphase window only. paired vs n_polar: rho=-0.02 p=0.35 n=1521"
newfig,NEW_FIGURES_20260804.ai,2,G7_kt_movement_vs_context__p2,deck/archived_builders/G7_kt_movement_vs_context__20260808.py,"Panel 2 of 8 from G7_kt_movement_vs_context. Paired (top) and polar (bottom) kinetochore speed against four contexts, per frame, in triple-ablation cells: number of polar KTs present, number of lagging KTs present, time in metaphase, and congression progress. Counts are per-frame from her outlines, not per-cell summaries. Speeds use drift-corrected coordinates. Metaphase window only. paired vs n_polar: rho=-0.02 p=0.35 n=1521"
newfig,NEW_FIGURES_20260804.ai,2,G7_kt_movement_vs_context__p3,deck/archived_builders/G7_kt_movement_vs_context__20260808.py,"Panel 3 of 8 from G7_kt_movement_vs_context. Paired (top) and polar (bottom) kinetochore speed against four contexts, per frame, in triple-ablation cells: number of polar KTs present, number of lagging KTs present, time in metaphase, and congression progress. Counts are per-frame from her outlines, not per-cell summaries. Speeds use drift-corrected coordinates. Metaphase window only. paired vs n_polar: rho=-0.02 p=0.35 n=1521"
newfig,NEW_FIGURES_20260804.ai,2,G7_kt_movement_vs_context__p4,deck/archived_builders/G7_kt_movement_vs_context__20260808.py,"Panel 4 of 8 from G7_kt_movement_vs_context. Paired (top) and polar (bottom) kinetochore speed against four contexts, per frame, in triple-ablation cells: number of polar KTs present, number of lagging KTs present, time in metaphase, and congression progress. Counts are per-frame from her outlines, not per-cell summaries. Speeds use drift-corrected coordinates. Metaphase window only. paired vs n_polar: rho=-0.02 p=0.35 n=1521"
newfig,NEW_FIGURES_20260804.ai,2,G7_kt_movement_vs_context__p5,deck/archived_builders/G7_kt_movement_vs_context__20260808.py,"Panel 5 of 8 from G7_kt_movement_vs_context. Paired (top) and polar (bottom) kinetochore speed against four contexts, per frame, in triple-ablation cells: number of polar KTs present, number of lagging KTs present, time in metaphase, and congression progress. Counts are per-frame from her outlines, not per-cell summaries. Speeds use drift-corrected coordinates. Metaphase window only. paired vs n_polar: rho=-0.02 p=0.35 n=1521"
newfig,NEW_FIGURES_20260804.ai,2,G7_kt_movement_vs_context__p6,deck/archived_builders/G7_kt_movement_vs_context__20260808.py,"Panel 6 of 8 from G7_kt_movement_vs_context. Paired (top) and polar (bottom) kinetochore speed against four contexts, per frame, in triple-ablation cells: number of polar KTs present, number of lagging KTs present, time in metaphase, and congression progress. Counts are per-frame from her outlines, not per-cell summaries. Speeds use drift-corrected coordinates. Metaphase window only. paired vs n_polar: rho=-0.02 p=0.35 n=1521"
newfig,NEW_FIGURES_20260804.ai,2,G7_kt_movement_vs_context__p7,deck/archived_builders/G7_kt_movement_vs_context__20260808.py,"Panel 7 of 8 from G7_kt_movement_vs_context. Paired (top) and polar (bottom) kinetochore speed against four contexts, per frame, in triple-ablation cells: number of polar KTs present, number of lagging KTs present, time in metaphase, and congression progress. Counts are per-frame from her outlines, not per-cell summaries. Speeds use drift-corrected coordinates. Metaphase window only. paired vs n_polar: rho=-0.02 p=0.35 n=1521"
newfig,NEW_FIGURES_20260804.ai,2,G7_kt_movement_vs_context__p8,deck/archived_builders/G7_kt_movement_vs_context__20260808.py,"Panel 8 of 8 from G7_kt_movement_vs_context. Paired (top) and polar (bottom) kinetochore speed against four contexts, per frame, in triple-ablation cells: number of polar KTs present, number of lagging KTs present, time in metaphase, and congression progress. Counts are per-frame from her outlines, not per-cell summaries. Speeds use drift-corrected coordinates. Metaphase window only. paired vs n_polar: rho=-0.02 p=0.35 n=1521"
0814,META_FIGURES_20260814.ai,8,G7_prometa_single_vs_meta_triple__p1,figures/G7_prometa_single_vs_meta_triple__20260808.py,"Panel 1 of 4 from G7_prometa_single_vs_meta_triple. Single-sisterless PROMETAPHASE (every measurement before Metaphase Start, which is not labelled as prometaphase in the data) vs single-sisterless METAPHASE vs triple-sisterless METAPHASE. Speed and oscillation use her traced track coordinates, uncorrected; oscillation is measured along her metaphase-plate normal, which is drift-immune. k-k from her sister pairs via the established kt_sisters protocol. Anaphase excluded. k-k distance (um): 3-sis-meta median 1.86; 1-sis-promet 1.77 (p=0.88); 1-sis-meta 2.22 (p=0.012); closer to prometaphase"
pub0814,META_FIGURES_20260814_PUBLICATION_20260820.ai,8,G7_prometa_single_vs_meta_triple__p1,figures/G7_prometa_single_vs_meta_triple__20260808.py,"Panel 1 of 4 from G7_prometa_single_vs_meta_triple. Single-sisterless PROMETAPHASE (every measurement before Metaphase Start, which is not labelled as prometaphase in the data) vs single-sisterless METAPHASE vs triple-sisterless METAPHASE. Speed and oscillation use her traced track coordinates, uncorrected; oscillation is measured along her metaphase-plate normal, which is drift-immune. k-k from her sister pairs via the established kt_sisters protocol. Anaphase excluded. k-k distance (um): 3-sis-meta median 1.86; 1-sis-promet 1.77 (p=0.88); 1-sis-meta 2.22 (p=0.012); closer to prometaphase"
0813supp,META_FIGURES_20260813_supplemental.ai,8,G7_prometa_single_vs_meta_triple__p2,figures/G7_prometa_single_vs_meta_triple__20260808.py,"Panel 2 of 4 from G7_prometa_single_vs_meta_triple. Single-sisterless PROMETAPHASE (every measurement before Metaphase Start, which is not labelled as prometaphase in the data) vs single-sisterless METAPHASE vs triple-sisterless METAPHASE. Speed and oscillation use her traced track coordinates, uncorrected; oscillation is measured along her metaphase-plate normal, which is drift-immune. k-k from her sister pairs via the established kt_sisters protocol. Anaphase excluded. k-k distance (um): 3-sis-meta median 1.86; 1-sis-promet 1.77 (p=0.88); 1-sis-meta 2.22 (p=0.012); closer to prometaphase"
pub0813,META_FIGURES_20260813_supplemental_PUBLICATION_20260820.ai,8,G7_prometa_single_vs_meta_triple__p2,figures/G7_prometa_single_vs_meta_triple__20260808.py,"Panel 2 of 4 from G7_prometa_single_vs_meta_triple. Single-sisterless PROMETAPHASE (every measurement before Metaphase Start, which is not labelled as prometaphase in the data) vs single-sisterless METAPHASE vs triple-sisterless METAPHASE. Speed and oscillation use her traced track coordinates, uncorrected; oscillation is measured along her metaphase-plate normal, which is drift-immune. k-k from her sister pairs via the established kt_sisters protocol. Anaphase excluded. k-k distance (um): 3-sis-meta median 1.86; 1-sis-promet 1.77 (p=0.88); 1-sis-meta 2.22 (p=0.012); closer to prometaphase"
0814,META_FIGURES_20260814.ai,8,G7_prometa_single_vs_meta_triple__p3,figures/G7_prometa_single_vs_meta_triple__20260808.py,"Panel 3 of 4 from G7_prometa_single_vs_meta_triple. Single-sisterless PROMETAPHASE (every measurement before Metaphase Start, which is not labelled as prometaphase in the data) vs single-sisterless METAPHASE vs triple-sisterless METAPHASE. Speed and oscillation use her traced track coordinates, uncorrected; oscillation is measured along her metaphase-plate normal, which is drift-immune. k-k from her sister pairs via the established kt_sisters protocol. Anaphase excluded. k-k distance (um): 3-sis-meta median 1.86; 1-sis-promet 1.77 (p=0.88); 1-sis-meta 2.22 (p=0.012); closer to prometaphase"
pub0814,META_FIGURES_20260814_PUBLICATION_20260820.ai,8,G7_prometa_single_vs_meta_triple__p3,figures/G7_prometa_single_vs_meta_triple__20260808.py,"Panel 3 of 4 from G7_prometa_single_vs_meta_triple. Single-sisterless PROMETAPHASE (every measurement before Metaphase Start, which is not labelled as prometaphase in the data) vs single-sisterless METAPHASE vs triple-sisterless METAPHASE. Speed and oscillation use her traced track coordinates, uncorrected; oscillation is measured along her metaphase-plate normal, which is drift-immune. k-k from her sister pairs via the established kt_sisters protocol. Anaphase excluded. k-k distance (um): 3-sis-meta median 1.86; 1-sis-promet 1.77 (p=0.88); 1-sis-meta 2.22 (p=0.012); closer to prometaphase"
0814,META_FIGURES_20260814.ai,8,G7_prometa_single_vs_meta_triple__p4,figures/G7_prometa_single_vs_meta_triple__20260808.py,"Panel 4 of 4 from G7_prometa_single_vs_meta_triple. Single-sisterless PROMETAPHASE (every measurement before Metaphase Start, which is not labelled as prometaphase in the data) vs single-sisterless METAPHASE vs triple-sisterless METAPHASE. Speed and oscillation use her traced track coordinates, uncorrected; oscillation is measured along her metaphase-plate normal, which is drift-immune. k-k from her sister pairs via the established kt_sisters protocol. Anaphase excluded. k-k distance (um): 3-sis-meta median 1.86; 1-sis-promet 1.77 (p=0.88); 1-sis-meta 2.22 (p=0.012); closer to prometaphase"
pub0814,META_FIGURES_20260814_PUBLICATION_20260820.ai,8,G7_prometa_single_vs_meta_triple__p4,figures/G7_prometa_single_vs_meta_triple__20260808.py,"Panel 4 of 4 from G7_prometa_single_vs_meta_triple. Single-sisterless PROMETAPHASE (every measurement before Metaphase Start, which is not labelled as prometaphase in the data) vs single-sisterless METAPHASE vs triple-sisterless METAPHASE. Speed and oscillation use her traced track coordinates, uncorrected; oscillation is measured along her metaphase-plate normal, which is drift-immune. k-k from her sister pairs via the established kt_sisters protocol. Anaphase excluded. k-k distance (um): 3-sis-meta median 1.86; 1-sis-promet 1.77 (p=0.88); 1-sis-meta 2.22 (p=0.012); closer to prometaphase"
0814,META_FIGURES_20260814.ai,9,G7_prophase_vs_prometaphase_triple__p1,deck/archived_builders/G7_prophase_vs_prometaphase_triple__20260808.py,"Panel 1 of 3 from G7_prophase_vs_prometaphase_triple. Paired-kinetochore movement and whole-cell shape in the 3 prophase-ablated cells (the ones on the prophase-vs-prometaphase violin) versus prometaphase-ablated triple-sisterless cells. Cohorts derived with the violin's own logic. Speeds drift-corrected; shape from her cell outlines. Anaphase excluded. paired KT speed: prophase 0.0152 vs prometa-3sis 0.0280 um/s, p=0.000511"
pub0814,META_FIGURES_20260814_PUBLICATION_20260820.ai,9,G7_prophase_vs_prometaphase_triple__p1,deck/archived_builders/G7_prophase_vs_prometaphase_triple__20260808.py,"Panel 1 of 3 from G7_prophase_vs_prometaphase_triple. Paired-kinetochore movement and whole-cell shape in the 3 prophase-ablated cells (the ones on the prophase-vs-prometaphase violin) versus prometaphase-ablated triple-sisterless cells. Cohorts derived with the violin's own logic. Speeds drift-corrected; shape from her cell outlines. Anaphase excluded. paired KT speed: prophase 0.0152 vs prometa-3sis 0.0280 um/s, p=0.000511"
newfig,NEW_FIGURES_20260804.ai,2,G7_prophase_vs_prometaphase_triple__p2,deck/archived_builders/G7_prophase_vs_prometaphase_triple__20260808.py,"Panel 2 of 3 from G7_prophase_vs_prometaphase_triple. Paired-kinetochore movement and whole-cell shape in the 3 prophase-ablated cells (the ones on the prophase-vs-prometaphase violin) versus prometaphase-ablated triple-sisterless cells. Cohorts derived with the violin's own logic. Speeds drift-corrected; shape from her cell outlines. Anaphase excluded. paired KT speed: prophase 0.0152 vs prometa-3sis 0.0280 um/s, p=0.000511"
newfig,NEW_FIGURES_20260804.ai,2,G7_prophase_vs_prometaphase_triple__p3,deck/archived_builders/G7_prophase_vs_prometaphase_triple__20260808.py,"Panel 3 of 3 from G7_prophase_vs_prometaphase_triple. Paired-kinetochore movement and whole-cell shape in the 3 prophase-ablated cells (the ones on the prophase-vs-prometaphase violin) versus prometaphase-ablated triple-sisterless cells. Cohorts derived with the violin's own logic. Speeds drift-corrected; shape from her cell outlines. Anaphase excluded. paired KT speed: prophase 0.0152 vs prometa-3sis 0.0280 um/s, p=0.000511"
newfig,NEW_FIGURES_20260804.ai,2,G7_track_to_chromosome_assignment__p1,deck/archived_builders/G7_track_to_chromosome_assignment__20260808.py,"Panel 1 of 3 from G7_track_to_chromosome_assignment. Each polar outline track assigned to one of the cell's sisterless chromosomes by matching the track's END (when it stops being polar = congression) to her recorded chromosome_k_plate_join time; the chromosome index then supplies the length from CHROMO_LENGTH_BEHAVIOR_PAIRING. Ambiguous matches are REFUSED, not guessed: nearest must be within 180s and beat the runner-up by 60s. 22 tracks assigned, 22 with a length."
newfig,NEW_FIGURES_20260804.ai,2,G7_track_to_chromosome_assignment__p2,deck/archived_builders/G7_track_to_chromosome_assignment__20260808.py,"Panel 2 of 3 from G7_track_to_chromosome_assignment. Each polar outline track assigned to one of the cell's sisterless chromosomes by matching the track's END (when it stops being polar = congression) to her recorded chromosome_k_plate_join time; the chromosome index then supplies the length from CHROMO_LENGTH_BEHAVIOR_PAIRING. Ambiguous matches are REFUSED, not guessed: nearest must be within 180s and beat the runner-up by 60s. 22 tracks assigned, 22 with a length."
newfig,NEW_FIGURES_20260804.ai,2,G7_track_to_chromosome_assignment__p3,deck/archived_builders/G7_track_to_chromosome_assignment__20260808.py,"Panel 3 of 3 from G7_track_to_chromosome_assignment. Each polar outline track assigned to one of the cell's sisterless chromosomes by matching the track's END (when it stops being polar = congression) to her recorded chromosome_k_plate_join time; the chromosome index then supplies the length from CHROMO_LENGTH_BEHAVIOR_PAIRING. Ambiguous matches are REFUSED, not guessed: nearest must be within 180s and beat the runner-up by 60s. 22 tracks assigned, 22 with a length."
newfig,NEW_FIGURES_20260804.ai,2,G7_triple_converges_on_single,deck/archived_builders/G7_triple_converges_on_single__20260808.py,"Triple-sisterless metrics plotted against remaining polar count and congression fraction, with the single-sisterless distribution as a reference band, so convergence is directly readable. Speeds are from her traced coordinates (uncorrected). Metaphase window except 'speed at anaphase', which she asked for explicitly and is therefore measured in anaphase. CAVEAT: the two x-axes disagree. Polar count is a direct per-frame census of her outlines and is the reliable axis; congression fraction infers congression from a polar track ENDING, which also catches tracks that merely stopped being annotated. Trends are non-monotonic (paired speed sits closest to single-sisterless at ONE remaining polar, not zero), so endpoint verdicts are indicative only. paired KT speed (um/s) vs polar KTs still present in the cell: converges (0.00636 -> 0.00185) | paired KT speed (um/s) vs fraction of polar KTs that have congressed: diverges (0.00355 -> 0.00395) | k-k distance (um) vs polar KTs still present in the cell: converges (0.426 -> 0.136) | k-k distance (um) vs fraction of polar KTs that have congressed: diverges (0.241 -> 0.361) | speed at anaphase (um/s) vs polar KTs still present in the cell: diverges (0.00563 -> 0.00645) | speed at anaphase (um/s) vs fraction of polar KTs that have congressed: diverges (0.00531 -> 0.00668) | oscillation period (s) vs polar KTs still present in the cell: converges (137 -> 108) | oscillation amplitude (um) vs polar KTs still present in the cell: converges (0.0757 -> 0.0307) | movement range along plate normal (um) vs polar KTs still present in the cell: diverges (0.49 -> 1.41)"
pub0814,META_FIGURES_20260814_PUBLICATION_20260820.ai,7,G7kymo_20250401_ptk_yfpcdc20_28__10,figures/custom_kymographs_20260820.py,Kymograph — 20250401 ptk_yfpcdc20_28 20250401 ptk_yfpcdc20_28|paired|10
pub0814,META_FIGURES_20260814_PUBLICATION_20260820.ai,7,G7kymo_20250401_ptk_yfpcdc20_28__8,figures/custom_kymographs_20260820.py,Kymograph — 20250401 ptk_yfpcdc20_28 20250401 ptk_yfpcdc20_28|polar|8
pub0814,META_FIGURES_20260814_PUBLICATION_20260820.ai,7,G7kymo_20250401_ptk_yfpcdc20_28__9,figures/custom_kymographs_20260820.py,Kymograph — 20250401 ptk_yfpcdc20_28 20250401 ptk_yfpcdc20_28|paired|9
pub0814,META_FIGURES_20260814_PUBLICATION_20260820.ai,7,G7kymo_20250904_triple_ablation_8__6,figures/custom_kymographs_20260820.py,Kymograph — 20250904 triple_ablation_8 20250904 triple_ablation_8|paired|6
pub0814,META_FIGURES_20260814_PUBLICATION_20260820.ai,7,G7kymo_20250904_triple_ablation_8__8,figures/custom_kymographs_20260820.py,Kymograph — 20250904 triple_ablation_8 20250904 triple_ablation_8|paired|8
pub0814,META_FIGURES_20260814_PUBLICATION_20260820.ai,7,G7kymo_20250904_triple_ablation_8__9,figures/custom_kymographs_20260820.py,Kymograph — 20250904 triple_ablation_8 20250904 triple_ablation_8|paired|9
0814,META_FIGURES_20260814.ai,5,G8_kt_deformation_materialfits__p1,figures/custom_todo0818_analysis.py,
supp,other_20260820.ai,2,G8_kt_deformation_materialfits__p1,figures/custom_todo0818_analysis.py,
0814,META_FIGURES_20260814.ai,5,G8_kt_deformation_materialfits__p2,figures/custom_todo0818_analysis.py,
supp,other_20260820.ai,2,G8_kt_deformation_materialfits__p2,figures/custom_todo0818_analysis.py,
0814,META_FIGURES_20260814.ai,5,G8_kt_deformation_materialfits__p3,figures/custom_todo0818_analysis.py,
supp,other_20260820.ai,2,G8_kt_deformation_materialfits__p3,figures/custom_todo0818_analysis.py,
0814,META_FIGURES_20260814.ai,6,G8_kt_speed_paired_vs_sisterless__p1,figures/custom_todo0818_analysis.py,
pub0814,META_FIGURES_20260814_PUBLICATION_20260820.ai,9,G8_kt_speed_paired_vs_sisterless__p1,figures/custom_todo0818_analysis.py,
0814,META_FIGURES_20260814.ai,6,G8_kt_speed_paired_vs_sisterless__p2,figures/custom_todo0818_analysis.py,
pub0814,META_FIGURES_20260814_PUBLICATION_20260820.ai,9,G8_kt_speed_paired_vs_sisterless__p2,figures/custom_todo0818_analysis.py,
0814,META_FIGURES_20260814.ai,7,G8_lagging_fracture_materials__p1,figures/custom_todo0818_analysis.py,
pub0813,META_FIGURES_20260813_supplemental_PUBLICATION_20260820.ai,7,G8_lagging_fracture_materials__p1,figures/custom_todo0818_analysis.py,
0814,META_FIGURES_20260814.ai,7,G8_lagging_fracture_materials__p2,figures/custom_todo0818_analysis.py,
pub0813,META_FIGURES_20260813_supplemental_PUBLICATION_20260820.ai,7,G8_lagging_fracture_materials__p2,figures/custom_todo0818_analysis.py,
0814,META_FIGURES_20260814.ai,7,G8_lagging_fracture_timing__p1,figures/custom_todo0818_analysis.py,
pub0813,META_FIGURES_20260813_supplemental_PUBLICATION_20260820.ai,7,G8_lagging_fracture_timing__p1,figures/custom_todo0818_analysis.py,
0814,META_FIGURES_20260814.ai,7,G8_lagging_fracture_timing__p2,figures/custom_todo0818_analysis.py,
pub0813,META_FIGURES_20260813_supplemental_PUBLICATION_20260820.ai,7,G8_lagging_fracture_timing__p2,figures/custom_todo0818_analysis.py,
0814,META_FIGURES_20260814.ai,7,G8_lagging_fracture_timing__p3,figures/custom_todo0818_analysis.py,
pub0813,META_FIGURES_20260813_supplemental_PUBLICATION_20260820.ai,7,G8_lagging_fracture_timing__p3,figures/custom_todo0818_analysis.py,
0814,META_FIGURES_20260814.ai,4,G8_metaphase_duration_model__p1,figures/custom_todo0818_model.py,
supp,other_20260820.ai,2,G8_metaphase_duration_model__p1,figures/custom_todo0818_model.py,
0814,META_FIGURES_20260814.ai,4,G8_metaphase_duration_model__p2,figures/custom_todo0818_model.py,
supp,other_20260820.ai,2,G8_metaphase_duration_model__p2,figures/custom_todo0818_model.py,
0814,META_FIGURES_20260814.ai,4,G8_metaphase_duration_model__p3,figures/custom_todo0818_model.py,
supp,other_20260820.ai,2,G8_metaphase_duration_model__p3,figures/custom_todo0818_model.py,
0814,META_FIGURES_20260814.ai,4,G8_metaphase_duration_model__p4,figures/custom_todo0818_model.py,
supp,other_20260820.ai,2,G8_metaphase_duration_model__p4,figures/custom_todo0818_model.py,
0814,META_FIGURES_20260814.ai,5,G8_polar_chromosome_angle__p1,figures/custom_todo0818_analysis.py,
supp,other_20260820.ai,2,G8_polar_chromosome_angle__p1,figures/custom_todo0818_analysis.py,
0814,META_FIGURES_20260814.ai,5,G8_polar_chromosome_angle__p2,figures/custom_todo0818_analysis.py,
supp,other_20260820.ai,2,G8_polar_chromosome_angle__p2,figures/custom_todo0818_analysis.py,
0814,META_FIGURES_20260814.ai,5,G8_polar_chromosome_angle__p3,figures/custom_todo0818_analysis.py,
supp,other_20260820.ai,2,G8_polar_chromosome_angle__p3,figures/custom_todo0818_analysis.py,
newfig,NEW_FIGURES_20260804.ai,8,G8_pole_distance_over_time,deck/archived_builders/G8_pole_distance_over_time__20260809.py,"Spindle pole-to-pole distance over time in cells where both poles were manually marked, split into single- and triple-sisterless groups with an ordinary least-squares fit per group. Distance is measured only on frames carrying both pole marks. Anaphase excluded. single sisterless: n=12 cells / 650 frames; pooled slope +0.0096 um/min (r=0.027, pooled p=0.488 — frames are NOT independent); per-cell slope median +0.074 µm/min (Wilcoxon p=0.18, n=12 cells) | triple sisterless: n=6 cells / 443 frames; pooled slope -0.0002 um/min (r=-0.001, pooled p=0.989 — frames are NOT independent); per-cell slope median -0.124 µm/min (Wilcoxon p=0.031, n=6 cells)"
0813supp,META_FIGURES_20260813_supplemental.ai,4,G8_pooling_2plus3_vs_3,figures/custom_todo0818_analysis.py,Effect of pooling 2- and 3-sisterless cells on every headline comparison
pub0813,META_FIGURES_20260813_supplemental_PUBLICATION_20260820.ai,4,G8_pooling_2plus3_vs_3,figures/custom_todo0818_analysis.py,Effect of pooling 2- and 3-sisterless cells on every headline comparison
pub0814,META_FIGURES_20260814_PUBLICATION_20260820.ai,8,G8kymo_kk_20250401_ptk_yfpcdc20_28__10_9,figures/custom_kymographs_20260820.py,Sister-pair kymograph — 20250401 ptk_yfpcdc20_28
pub0814,META_FIGURES_20260814_PUBLICATION_20260820.ai,8,G8kymo_kk_20250901_triple_ablation_11__13_14,figures/custom_kymographs_20260820.py,Sister-pair kymograph — 20250901 triple_ablation_11
pub0814,META_FIGURES_20260814_PUBLICATION_20260820.ai,8,G8kymo_kk_20250904_triple_ablation_8__10_9,figures/custom_kymographs_20260820.py,Sister-pair kymograph — 20250904 triple_ablation_8
pub0814,META_FIGURES_20260814_PUBLICATION_20260820.ai,8,G8kymo_kk_20250904_triple_ablation_8__6_8,figures/custom_kymographs_20260820.py,Sister-pair kymograph — 20250904 triple_ablation_8
newfig,NEW_FIGURES_20260804.ai,7,G9_drug_timestrip_noc__piece1,figures/group_drug_ablation_timestrips.py,
newfig,NEW_FIGURES_20260804.ai,7,G9_drug_timestrip_noc__piece2,figures/group_drug_ablation_timestrips.py,
newfig,NEW_FIGURES_20260804.ai,7,G9_drug_timestrip_noc__piece3,figures/group_drug_ablation_timestrips.py,
newfig,NEW_FIGURES_20260804.ai,7,G9_drug_timestrip_noc__piece4,figures/group_drug_ablation_timestrips.py,
newfig,NEW_FIGURES_20260804.ai,7,G9_drug_timestrip_noc__piece5,figures/group_drug_ablation_timestrips.py,
supp,other_20260820.ai,2,G9_drug_timestrip_noc_aligned__piece1,figures/group_drug_ablation_timestrips.py,
supp,other_20260820.ai,2,G9_drug_timestrip_noc_aligned__piece2,figures/group_drug_ablation_timestrips.py,
supp,other_20260820.ai,2,G9_drug_timestrip_noc_aligned__piece3,figures/group_drug_ablation_timestrips.py,
supp,other_20260820.ai,2,G9_drug_timestrip_noc_aligned__piece4,figures/group_drug_ablation_timestrips.py,
supp,other_20260820.ai,2,G9_drug_timestrip_noc_aligned__piece5,figures/group_drug_ablation_timestrips.py,
0814,META_FIGURES_20260814.ai,2,G9_drug_timestrip_zm18_aligned__piece1,figures/group_drug_ablation_timestrips.py,
pub0814,META_FIGURES_20260814_PUBLICATION_20260820.ai,2,G9_drug_timestrip_zm18_aligned__piece1,figures/group_drug_ablation_timestrips.py,
0814,META_FIGURES_20260814.ai,2,G9_drug_timestrip_zm18_aligned__piece2,figures/group_drug_ablation_timestrips.py,
pub0814,META_FIGURES_20260814_PUBLICATION_20260820.ai,2,G9_drug_timestrip_zm18_aligned__piece2,figures/group_drug_ablation_timestrips.py,
0814,META_FIGURES_20260814.ai,2,G9_drug_timestrip_zm18_aligned__piece3,figures/group_drug_ablation_timestrips.py,
pub0814,META_FIGURES_20260814_PUBLICATION_20260820.ai,2,G9_drug_timestrip_zm18_aligned__piece3,figures/group_drug_ablation_timestrips.py,
0814,META_FIGURES_20260814.ai,2,G9_drug_timestrip_zm18_aligned__piece4,figures/group_drug_ablation_timestrips.py,
pub0814,META_FIGURES_20260814_PUBLICATION_20260820.ai,2,G9_drug_timestrip_zm18_aligned__piece4,figures/group_drug_ablation_timestrips.py,
0814,META_FIGURES_20260814.ai,0,G9_drug_timestrip_zm18_aligned__piece5,figures/group_drug_ablation_timestrips.py,
pub0814,META_FIGURES_20260814_PUBLICATION_20260820.ai,2,G9_drug_timestrip_zm18_aligned__piece5,figures/group_drug_ablation_timestrips.py,
0814,META_FIGURES_20260814.ai,2,G9_drug_timestrip_zm3_aligned__piece1,figures/group_drug_ablation_timestrips.py,
pub0813,META_FIGURES_20260813_supplemental_PUBLICATION_20260820.ai,1,G9_drug_timestrip_zm3_aligned__piece1,figures/group_drug_ablation_timestrips.py,
supp,other_20260820.ai,2,G9_drug_timestrip_zm3_aligned__piece1,figures/group_drug_ablation_timestrips.py,
0814,META_FIGURES_20260814.ai,2,G9_drug_timestrip_zm3_aligned__piece2,figures/group_drug_ablation_timestrips.py,
pub0813,META_FIGURES_20260813_supplemental_PUBLICATION_20260820.ai,1,G9_drug_timestrip_zm3_aligned__piece2,figures/group_drug_ablation_timestrips.py,
supp,other_20260820.ai,2,G9_drug_timestrip_zm3_aligned__piece2,figures/group_drug_ablation_timestrips.py,
0814,META_FIGURES_20260814.ai,2,G9_drug_timestrip_zm3_aligned__piece3,figures/group_drug_ablation_timestrips.py,
pub0813,META_FIGURES_20260813_supplemental_PUBLICATION_20260820.ai,1,G9_drug_timestrip_zm3_aligned__piece3,figures/group_drug_ablation_timestrips.py,
supp,other_20260820.ai,2,G9_drug_timestrip_zm3_aligned__piece3,figures/group_drug_ablation_timestrips.py,
0814,META_FIGURES_20260814.ai,2,G9_drug_timestrip_zm3_aligned__piece4,figures/group_drug_ablation_timestrips.py,
pub0813,META_FIGURES_20260813_supplemental_PUBLICATION_20260820.ai,1,G9_drug_timestrip_zm3_aligned__piece4,figures/group_drug_ablation_timestrips.py,
supp,other_20260820.ai,2,G9_drug_timestrip_zm3_aligned__piece4,figures/group_drug_ablation_timestrips.py,
0814,META_FIGURES_20260814.ai,2,G9_drug_timestrip_zm3_aligned__piece5,figures/group_drug_ablation_timestrips.py,
pub0813,META_FIGURES_20260813_supplemental_PUBLICATION_20260820.ai,1,G9_drug_timestrip_zm3_aligned__piece5,figures/group_drug_ablation_timestrips.py,
supp,other_20260820.ai,2,G9_drug_timestrip_zm3_aligned__piece5,figures/group_drug_ablation_timestrips.py,
0814,META_FIGURES_20260814.ai,2,G9_drug_timestrip_zm3_aligned__piece6,figures/group_drug_ablation_timestrips.py,
pub0813,META_FIGURES_20260813_supplemental_PUBLICATION_20260820.ai,1,G9_drug_timestrip_zm3_aligned__piece6,figures/group_drug_ablation_timestrips.py,
supp,other_20260820.ai,2,G9_drug_timestrip_zm3_aligned__piece6,figures/group_drug_ablation_timestrips.py,
0814,META_FIGURES_20260814.ai,2,G9_drug_timestrip_zm3_aligned__piece7,figures/group_drug_ablation_timestrips.py,
pub0813,META_FIGURES_20260813_supplemental_PUBLICATION_20260820.ai,1,G9_drug_timestrip_zm3_aligned__piece7,figures/group_drug_ablation_timestrips.py,
supp,other_20260820.ai,2,G9_drug_timestrip_zm3_aligned__piece7,figures/group_drug_ablation_timestrips.py,
newfig,NEW_FIGURES_20260804.ai,7,G9_drug_timestrip_zm__piece1,figures/group_drug_ablation_timestrips.py,
newfig,NEW_FIGURES_20260804.ai,7,G9_drug_timestrip_zm__piece2,figures/group_drug_ablation_timestrips.py,
newfig,NEW_FIGURES_20260804.ai,7,G9_drug_timestrip_zm__piece3,figures/group_drug_ablation_timestrips.py,
newfig,NEW_FIGURES_20260804.ai,7,G9_drug_timestrip_zm__piece4,figures/group_drug_ablation_timestrips.py,
0814,META_FIGURES_20260814.ai,2,G9_drug_timestrip_zm_aligned__piece1,figures/group_drug_ablation_timestrips.py,
pub0813,META_FIGURES_20260813_supplemental_PUBLICATION_20260820.ai,1,G9_drug_timestrip_zm_aligned__piece1,figures/group_drug_ablation_timestrips.py,
supp,other_20260820.ai,2,G9_drug_timestrip_zm_aligned__piece1,figures/group_drug_ablation_timestrips.py,
0814,META_FIGURES_20260814.ai,2,G9_drug_timestrip_zm_aligned__piece2,figures/group_drug_ablation_timestrips.py,
pub0813,META_FIGURES_20260813_supplemental_PUBLICATION_20260820.ai,1,G9_drug_timestrip_zm_aligned__piece2,figures/group_drug_ablation_timestrips.py,
supp,other_20260820.ai,2,G9_drug_timestrip_zm_aligned__piece2,figures/group_drug_ablation_timestrips.py,
0814,META_FIGURES_20260814.ai,2,G9_drug_timestrip_zm_aligned__piece3,figures/group_drug_ablation_timestrips.py,
pub0813,META_FIGURES_20260813_supplemental_PUBLICATION_20260820.ai,1,G9_drug_timestrip_zm_aligned__piece3,figures/group_drug_ablation_timestrips.py,
supp,other_20260820.ai,2,G9_drug_timestrip_zm_aligned__piece3,figures/group_drug_ablation_timestrips.py,
0814,META_FIGURES_20260814.ai,2,G9_drug_timestrip_zm_aligned__piece4,figures/group_drug_ablation_timestrips.py,
pub0813,META_FIGURES_20260813_supplemental_PUBLICATION_20260820.ai,1,G9_drug_timestrip_zm_aligned__piece4,figures/group_drug_ablation_timestrips.py,
supp,other_20260820.ai,2,G9_drug_timestrip_zm_aligned__piece4,figures/group_drug_ablation_timestrips.py,
0814,META_FIGURES_20260814.ai,2,G9_drug_timestrip_zm_aligned__piece5,figures/group_drug_ablation_timestrips.py,
pub0813,META_FIGURES_20260813_supplemental_PUBLICATION_20260820.ai,1,G9_drug_timestrip_zm_aligned__piece5,figures/group_drug_ablation_timestrips.py,
supp,other_20260820.ai,2,G9_drug_timestrip_zm_aligned__piece5,figures/group_drug_ablation_timestrips.py,
0813supp,META_FIGURES_20260813_supplemental.ai,1,ablation_count_by_cohort,figures/ablation_count_by_cohort.py,Ablation dose by cohort — ablation events per cell (on- vs off-target)
pub0813,META_FIGURES_20260813_supplemental_PUBLICATION_20260820.ai,1,ablation_count_by_cohort,figures/ablation_count_by_cohort.py,Ablation dose by cohort — ablation events per cell (on- vs off-target)
newfig,NEW_FIGURES_20260804.ai,9,ablation_count_on_vs_offpooled,figures/ablation_count_by_cohort.py,Ablation dose — on-target (1/2/3) vs pooled off-target control
newfig,NEW_FIGURES_20260804.ai,7,double-chromosome,figures/group_timestrips.py,double-chromosome example timestrip (20260420 ptk2 eyfp cdc20 1 ablation_73)
newfig,NEW_FIGURES_20260804.ai,7,double-chromosome_aligned__piece1,figures/group_timestrips.py,
newfig,NEW_FIGURES_20260804.ai,7,double-chromosome_aligned__piece2,figures/group_timestrips.py,
newfig,NEW_FIGURES_20260804.ai,7,double-chromosome_aligned__piece3,figures/group_timestrips.py,
newfig,NEW_FIGURES_20260804.ai,7,double-chromosome_aligned__piece4,figures/group_timestrips.py,
newfig,NEW_FIGURES_20260804.ai,7,double-chromosome_aligned__piece5,figures/group_timestrips.py,
0814,META_FIGURES_20260814.ai,8,kk_osc_about_plate,figures/kk_osc_refined.py,"Kinetochore position about the metaphase plate over time, per group."
pub0814,META_FIGURES_20260814_PUBLICATION_20260820.ai,8,kk_osc_about_plate,figures/kk_osc_refined.py,"Kinetochore position about the metaphase plate over time, per group."
0813supp,META_FIGURES_20260813_supplemental.ai,8,kk_osc_amplitude,figures/kk_osc_refined.py,"Oscillation amplitude per kinetochore about the metaphase plate, single vs 3-sisterless (paired kinetochores only)."
pub0813,META_FIGURES_20260813_supplemental_PUBLICATION_20260820.ai,8,kk_osc_amplitude,figures/kk_osc_refined.py,"Oscillation amplitude per kinetochore about the metaphase plate, single vs 3-sisterless (paired kinetochores only)."
0813supp,META_FIGURES_20260813_supplemental.ai,8,kk_osc_meankk,figures/kk_osc_refined.py,"Mean metaphase k-k distance per sister pair, single vs 3-sisterless."
pub0813,META_FIGURES_20260813_supplemental_PUBLICATION_20260820.ai,8,kk_osc_meankk,figures/kk_osc_refined.py,"Mean metaphase k-k distance per sister pair, single vs 3-sisterless."
newfig,NEW_FIGURES_20260804.ai,8,kk_osc_metaphase_duration,figures/kk_osc_refined.py,Metaphase duration of the cells contributing to the oscillation analysis.
0814,META_FIGURES_20260814.ai,8,kk_osc_model,figures/kk_osc_refined.py,Model waves built from each group's median oscillation amplitude and period.
pub0814,META_FIGURES_20260814_PUBLICATION_20260820.ai,8,kk_osc_model,figures/kk_osc_refined.py,Model waves built from each group's median oscillation amplitude and period.
0813supp,META_FIGURES_20260813_supplemental.ai,8,kk_osc_period,figures/kk_osc_refined.py,"Oscillation period per kinetochore, single vs 3-sisterless (paired kinetochores only)."
pub0813,META_FIGURES_20260813_supplemental_PUBLICATION_20260820.ai,8,kk_osc_period,figures/kk_osc_refined.py,"Oscillation period per kinetochore, single vs 3-sisterless (paired kinetochores only)."
supp,other_20260820.ai,2,kk_vs_time,deck/archived_builders/kk_vs_time.py,"Sister k-k distance over the metaphase window, per sister pair, single vs 2/3 ablation. Pairs from KT_SISTERS, geometry from KT_OUTLINE_TRACKS - her MANUAL outlines."
supp,other_20260820.ai,1,metaphase_duration_delta_from_unmodified,figures/metaphase_duration_delta.py,Metaphase duration as difference from the unmodified mean
supp,other_20260820.ai,1,metaphase_duration_delta_from_unmodified_zoom,figures/metaphase_duration_delta.py,Metaphase duration as difference from the unmodified mean — zoomed axes
newfig,NEW_FIGURES_20260804.ai,2,metaplate_rotation_magnitude_vs_sisterless__p1,figures/custom_new_figures_20260804.py,"Panel 1 of 2 from metaplate_rotation_magnitude_vs_sisterless. Metaphase-plate rotation magnitude, 1 vs 3 sisterless"
newfig,NEW_FIGURES_20260804.ai,2,metaplate_rotation_magnitude_vs_sisterless__p2,figures/custom_new_figures_20260804.py,"Panel 2 of 2 from metaplate_rotation_magnitude_vs_sisterless. Metaphase-plate rotation magnitude, 1 vs 3 sisterless"
0813supp,META_FIGURES_20260813_supplemental.ai,9,nf10_1-sisterless-congressing__20260420_ptk2_eyfp_cdc20_1_ablation_13__piece1,figures/group_timestrips.py,
pub0813,META_FIGURES_20260813_supplemental_PUBLICATION_20260820.ai,9,nf10_1-sisterless-congressing__20260420_ptk2_eyfp_cdc20_1_ablation_13__piece1,figures/group_timestrips.py,
0813supp,META_FIGURES_20260813_supplemental.ai,9,nf10_1-sisterless-congressing__20260420_ptk2_eyfp_cdc20_1_ablation_13__piece2,figures/group_timestrips.py,
pub0813,META_FIGURES_20260813_supplemental_PUBLICATION_20260820.ai,9,nf10_1-sisterless-congressing__20260420_ptk2_eyfp_cdc20_1_ablation_13__piece2,figures/group_timestrips.py,
0813supp,META_FIGURES_20260813_supplemental.ai,9,nf10_1-sisterless-congressing__20260420_ptk2_eyfp_cdc20_1_ablation_13__piece3,figures/group_timestrips.py,
pub0813,META_FIGURES_20260813_supplemental_PUBLICATION_20260820.ai,9,nf10_1-sisterless-congressing__20260420_ptk2_eyfp_cdc20_1_ablation_13__piece3,figures/group_timestrips.py,
0813supp,META_FIGURES_20260813_supplemental.ai,9,nf10_1-sisterless-congressing__20260420_ptk2_eyfp_cdc20_1_ablation_13__piece4,figures/group_timestrips.py,
pub0813,META_FIGURES_20260813_supplemental_PUBLICATION_20260820.ai,9,nf10_1-sisterless-congressing__20260420_ptk2_eyfp_cdc20_1_ablation_13__piece4,figures/group_timestrips.py,
0813supp,META_FIGURES_20260813_supplemental.ai,9,nf10_1-sisterless-congressing__20260420_ptk2_eyfp_cdc20_1_ablation_13__piece5,figures/group_timestrips.py,
pub0813,META_FIGURES_20260813_supplemental_PUBLICATION_20260820.ai,9,nf10_1-sisterless-congressing__20260420_ptk2_eyfp_cdc20_1_ablation_13__piece5,figures/group_timestrips.py,
0814,META_FIGURES_20260814.ai,0,nf10_1-sisterless-persistent-polar__20250402_ptk_yfpcdc20_2__piece1,figures/group_timestrips.py,
pub0814,META_FIGURES_20260814_PUBLICATION_20260820.ai,1,nf10_1-sisterless-persistent-polar__20250402_ptk_yfpcdc20_2__piece1,figures/group_timestrips.py,
0814,META_FIGURES_20260814.ai,0,nf10_1-sisterless-persistent-polar__20250402_ptk_yfpcdc20_2__piece2,figures/group_timestrips.py,
pub0814,META_FIGURES_20260814_PUBLICATION_20260820.ai,1,nf10_1-sisterless-persistent-polar__20250402_ptk_yfpcdc20_2__piece2,figures/group_timestrips.py,
0814,META_FIGURES_20260814.ai,0,nf10_1-sisterless-persistent-polar__20250402_ptk_yfpcdc20_2__piece3,figures/group_timestrips.py,
pub0814,META_FIGURES_20260814_PUBLICATION_20260820.ai,1,nf10_1-sisterless-persistent-polar__20250402_ptk_yfpcdc20_2__piece3,figures/group_timestrips.py,
0814,META_FIGURES_20260814.ai,0,nf10_1-sisterless-persistent-polar__20250402_ptk_yfpcdc20_2__piece4,figures/group_timestrips.py,
pub0814,META_FIGURES_20260814_PUBLICATION_20260820.ai,1,nf10_1-sisterless-persistent-polar__20250402_ptk_yfpcdc20_2__piece4,figures/group_timestrips.py,
newts,NEW_TIMESTRIPS_20260804.ai,2,nf10_1-sisterless-persistent-polar__20250402_ptk_yfpcdc20_7__piece1,figures/group_timestrips.py,
newts,NEW_TIMESTRIPS_20260804.ai,2,nf10_1-sisterless-persistent-polar__20250402_ptk_yfpcdc20_7__piece2,figures/group_timestrips.py,
newts,NEW_TIMESTRIPS_20260804.ai,2,nf10_1-sisterless-persistent-polar__20250402_ptk_yfpcdc20_7__piece3,figures/group_timestrips.py,
newts,NEW_TIMESTRIPS_20260804.ai,2,nf10_1-sisterless-persistent-polar__20250402_ptk_yfpcdc20_7__piece4,figures/group_timestrips.py,
newts,NEW_TIMESTRIPS_20260804.ai,2,nf10_1-sisterless-pole-switch__20250417_ptk_yfpcdc20_3__piece1,figures/group_timestrips.py,
newts,NEW_TIMESTRIPS_20260804.ai,2,nf10_1-sisterless-pole-switch__20250417_ptk_yfpcdc20_3__piece2,figures/group_timestrips.py,
newts,NEW_TIMESTRIPS_20260804.ai,2,nf10_1-sisterless-pole-switch__20250417_ptk_yfpcdc20_3__piece3,figures/group_timestrips.py,
newts,NEW_TIMESTRIPS_20260804.ai,2,nf10_1-sisterless-pole-switch__20250417_ptk_yfpcdc20_3__piece4,figures/group_timestrips.py,
newts,NEW_TIMESTRIPS_20260804.ai,2,nf10_1-sisterless__20260420_ptk2_eyfp_cdc20_1_ablation_11__piece1,figures/group_timestrips.py,
newts,NEW_TIMESTRIPS_20260804.ai,2,nf10_1-sisterless__20260420_ptk2_eyfp_cdc20_1_ablation_11__piece2,figures/group_timestrips.py,
newts,NEW_TIMESTRIPS_20260804.ai,2,nf10_1-sisterless__20260420_ptk2_eyfp_cdc20_1_ablation_11__piece3,figures/group_timestrips.py,
newts,NEW_TIMESTRIPS_20260804.ai,2,nf10_1-sisterless__20260420_ptk2_eyfp_cdc20_1_ablation_11__piece4,figures/group_timestrips.py,
newts,NEW_TIMESTRIPS_20260804.ai,2,nf10_2-sisterless__20260108_two_sisterless_kinetochores_14__piece1,figures/group_timestrips.py,
newts,NEW_TIMESTRIPS_20260804.ai,2,nf10_2-sisterless__20260108_two_sisterless_kinetochores_14__piece2,figures/group_timestrips.py,
newts,NEW_TIMESTRIPS_20260804.ai,2,nf10_2-sisterless__20260108_two_sisterless_kinetochores_14__piece3,figures/group_timestrips.py,
newts,NEW_TIMESTRIPS_20260804.ai,2,nf10_2-sisterless__20260108_two_sisterless_kinetochores_14__piece4,figures/group_timestrips.py,
newts,NEW_TIMESTRIPS_20260804.ai,2,nf10_2-sisterless__20260108_two_sisterless_kinetochores_14__piece5,figures/group_timestrips.py,
0814,META_FIGURES_20260814.ai,5,nf10_lagging-cand-four_ablation_23__20250929_four_ablation_23__piece1,figures/group_timestrips.py,
supp,other_20260820.ai,2,nf10_lagging-cand-four_ablation_23__20250929_four_ablation_23__piece1,figures/group_timestrips.py,
0814,META_FIGURES_20260814.ai,5,nf10_lagging-cand-four_ablation_23__20250929_four_ablation_23__piece2,figures/group_timestrips.py,
supp,other_20260820.ai,2,nf10_lagging-cand-four_ablation_23__20250929_four_ablation_23__piece2,figures/group_timestrips.py,
0814,META_FIGURES_20260814.ai,5,nf10_lagging-cand-four_ablation_59__20250930_four_ablation_59__piece1,figures/group_timestrips.py,
supp,other_20260820.ai,2,nf10_lagging-cand-four_ablation_59__20250930_four_ablation_59__piece1,figures/group_timestrips.py,
0814,META_FIGURES_20260814.ai,5,nf10_lagging-cand-four_ablation_59__20250930_four_ablation_59__piece2,figures/group_timestrips.py,
supp,other_20260820.ai,2,nf10_lagging-cand-four_ablation_59__20250930_four_ablation_59__piece2,figures/group_timestrips.py,
0814,META_FIGURES_20260814.ai,5,nf10_lagging-cand-single_ablation_15__20260416_single_ablation_15__piece1,figures/group_timestrips.py,
pub0814,META_FIGURES_20260814_PUBLICATION_20260820.ai,5,nf10_lagging-cand-single_ablation_15__20260416_single_ablation_15__piece1,figures/group_timestrips.py,
0814,META_FIGURES_20260814.ai,5,nf10_lagging-cand-single_ablation_15__20260416_single_ablation_15__piece2,figures/group_timestrips.py,
pub0814,META_FIGURES_20260814_PUBLICATION_20260820.ai,5,nf10_lagging-cand-single_ablation_15__20260416_single_ablation_15__piece2,figures/group_timestrips.py,
0814,META_FIGURES_20260814.ai,5,nf10_lagging-cand-triple_ablation_26__20251029_triple_ablation_26__piece1,figures/group_timestrips.py,
supp,other_20260820.ai,2,nf10_lagging-cand-triple_ablation_26__20251029_triple_ablation_26__piece1,figures/group_timestrips.py,
0814,META_FIGURES_20260814.ai,5,nf10_lagging-cand-triple_ablation_26__20251029_triple_ablation_26__piece2,figures/group_timestrips.py,
supp,other_20260820.ai,2,nf10_lagging-cand-triple_ablation_26__20251029_triple_ablation_26__piece2,figures/group_timestrips.py,
0814,META_FIGURES_20260814.ai,5,nf10_lagging-cand-two_sisterless_14__20260108_two_sisterless_kinetochores_14__piece1,figures/group_timestrips.py,
supp,other_20260820.ai,2,nf10_lagging-cand-two_sisterless_14__20260108_two_sisterless_kinetochores_14__piece1,figures/group_timestrips.py,
0814,META_FIGURES_20260814.ai,5,nf10_lagging-cand-two_sisterless_14__20260108_two_sisterless_kinetochores_14__piece2,figures/group_timestrips.py,
supp,other_20260820.ai,2,nf10_lagging-cand-two_sisterless_14__20260108_two_sisterless_kinetochores_14__piece2,figures/group_timestrips.py,
newts,NEW_TIMESTRIPS_20260804.ai,2,nf10_lagging-fractured__20260108_two_sisterless_kinetochores_14__piece1,figures/group_timestrips.py,
newts,NEW_TIMESTRIPS_20260804.ai,2,nf10_lagging-fractured__20260108_two_sisterless_kinetochores_14__piece2,figures/group_timestrips.py,
0814,META_FIGURES_20260814.ai,5,nf10_lagging-stretch-rebound__20260303_Mad1_Ptk_Eyfpcdc2_ablation_1metaphase_52__piece1,figures/group_timestrips.py,
pub0814,META_FIGURES_20260814_PUBLICATION_20260820.ai,5,nf10_lagging-stretch-rebound__20260303_Mad1_Ptk_Eyfpcdc2_ablation_1metaphase_52__piece1,figures/group_timestrips.py,
0814,META_FIGURES_20260814.ai,5,nf10_lagging-stretch-rebound__20260303_Mad1_Ptk_Eyfpcdc2_ablation_1metaphase_52__piece2,figures/group_timestrips.py,
pub0814,META_FIGURES_20260814_PUBLICATION_20260820.ai,5,nf10_lagging-stretch-rebound__20260303_Mad1_Ptk_Eyfpcdc2_ablation_1metaphase_52__piece2,figures/group_timestrips.py,
pub0814,META_FIGURES_20260814_PUBLICATION_20260820.ai,5,nf10_lagging-stretch-rebound__20260303_Mad1_Ptk_Eyfpcdc2_ablation_1metaphase_52__piece3,figures/group_timestrips.py,
newts,NEW_TIMESTRIPS_20260804.ai,2,nf10_metaphase-ablation__20260303_Mad1_Ptk_Eyfpcdc2_ablation_1metaphase_82__piece1,figures/group_timestrips.py,
newts,NEW_TIMESTRIPS_20260804.ai,2,nf10_metaphase-ablation__20260303_Mad1_Ptk_Eyfpcdc2_ablation_1metaphase_82__piece2,figures/group_timestrips.py,
newts,NEW_TIMESTRIPS_20260804.ai,2,nf10_metaphase-ablation__20260303_Mad1_Ptk_Eyfpcdc2_ablation_1metaphase_82__piece3,figures/group_timestrips.py,
newts,NEW_TIMESTRIPS_20260804.ai,2,nf10_metaphase-ablation__20260303_Mad1_Ptk_Eyfpcdc2_ablation_1metaphase_82__piece4,figures/group_timestrips.py,
newts,NEW_TIMESTRIPS_20260804.ai,2,nf10_metaphase-ablation__20260303_Mad1_Ptk_Eyfpcdc2_ablation_1metaphase_82__piece5,figures/group_timestrips.py,
0814,META_FIGURES_20260814.ai,1,nf10_off-target__20250402_ptk_yfpcdc20_22__piece1,figures/group_timestrips.py,
pub0814,META_FIGURES_20260814_PUBLICATION_20260820.ai,1,nf10_off-target__20250402_ptk_yfpcdc20_22__piece1,figures/group_timestrips.py,
0814,META_FIGURES_20260814.ai,1,nf10_off-target__20250402_ptk_yfpcdc20_22__piece2,figures/group_timestrips.py,
pub0814,META_FIGURES_20260814_PUBLICATION_20260820.ai,1,nf10_off-target__20250402_ptk_yfpcdc20_22__piece2,figures/group_timestrips.py,
0814,META_FIGURES_20260814.ai,1,nf10_off-target__20250402_ptk_yfpcdc20_22__piece3,figures/group_timestrips.py,
pub0814,META_FIGURES_20260814_PUBLICATION_20260820.ai,1,nf10_off-target__20250402_ptk_yfpcdc20_22__piece3,figures/group_timestrips.py,
newts,NEW_TIMESTRIPS_20260804.ai,2,nf9_1-sisterless__20250411_ptk_yfpcdc20_11__piece1,figures/group_timestrips.py,
newts,NEW_TIMESTRIPS_20260804.ai,2,nf9_1-sisterless__20250411_ptk_yfpcdc20_11__piece2,figures/group_timestrips.py,
newts,NEW_TIMESTRIPS_20260804.ai,2,nf9_1-sisterless__20250411_ptk_yfpcdc20_11__piece3,figures/group_timestrips.py,
newts,NEW_TIMESTRIPS_20260804.ai,2,nf9_1-sisterless__20250411_ptk_yfpcdc20_11__piece4,figures/group_timestrips.py,
newts,NEW_TIMESTRIPS_20260804.ai,4,nf9_1-sisterless__20250411_ptk_yfpcdc20_11_alt__piece1,figures/group_timestrips.py,
newts,NEW_TIMESTRIPS_20260804.ai,4,nf9_1-sisterless__20250411_ptk_yfpcdc20_11_alt__piece2,figures/group_timestrips.py,
newts,NEW_TIMESTRIPS_20260804.ai,4,nf9_1-sisterless__20250411_ptk_yfpcdc20_11_alt__piece3,figures/group_timestrips.py,
newts,NEW_TIMESTRIPS_20260804.ai,4,nf9_1-sisterless__20250411_ptk_yfpcdc20_11_alt__piece4,figures/group_timestrips.py,
0814,META_FIGURES_20260814.ai,9,nf9_1-sisterless__20250930_four_ablation_59__piece1,figures/group_timestrips.py,
pub0814,META_FIGURES_20260814_PUBLICATION_20260820.ai,9,nf9_1-sisterless__20250930_four_ablation_59__piece1,figures/group_timestrips.py,
0814,META_FIGURES_20260814.ai,9,nf9_1-sisterless__20250930_four_ablation_59__piece2,figures/group_timestrips.py,
pub0814,META_FIGURES_20260814_PUBLICATION_20260820.ai,9,nf9_1-sisterless__20250930_four_ablation_59__piece2,figures/group_timestrips.py,
0814,META_FIGURES_20260814.ai,9,nf9_1-sisterless__20250930_four_ablation_59__piece3,figures/group_timestrips.py,
pub0814,META_FIGURES_20260814_PUBLICATION_20260820.ai,9,nf9_1-sisterless__20250930_four_ablation_59__piece3,figures/group_timestrips.py,
0814,META_FIGURES_20260814.ai,9,nf9_1-sisterless__20250930_four_ablation_59__piece4,figures/group_timestrips.py,
pub0814,META_FIGURES_20260814_PUBLICATION_20260820.ai,9,nf9_1-sisterless__20250930_four_ablation_59__piece4,figures/group_timestrips.py,
0814,META_FIGURES_20260814.ai,9,nf9_1-sisterless__20250930_four_ablation_59__piece5,figures/group_timestrips.py,
pub0814,META_FIGURES_20260814_PUBLICATION_20260820.ai,9,nf9_1-sisterless__20250930_four_ablation_59__piece5,figures/group_timestrips.py,
0814,META_FIGURES_20260814.ai,1,nf9_3-sisterless__20260417_ptk2_eyfp_cdc20_ablation_18__piece1,dataops/register_unlegended_20260818.py,"Piece 1 of the 3-sisterless timestrip (20260417 ptk2 eyfp cdc20 ablation_18), split so the strip fits the board."
pub0814,META_FIGURES_20260814_PUBLICATION_20260820.ai,1,nf9_3-sisterless__20260417_ptk2_eyfp_cdc20_ablation_18__piece1,dataops/register_unlegended_20260818.py,"Piece 1 of the 3-sisterless timestrip (20260417 ptk2 eyfp cdc20 ablation_18), split so the strip fits the board."
0814,META_FIGURES_20260814.ai,1,nf9_3-sisterless__20260417_ptk2_eyfp_cdc20_ablation_18__piece2,dataops/register_unlegended_20260818.py,"Piece 2 of the 3-sisterless timestrip (20260417 ptk2 eyfp cdc20 ablation_18), split so the strip fits the board."
pub0814,META_FIGURES_20260814_PUBLICATION_20260820.ai,1,nf9_3-sisterless__20260417_ptk2_eyfp_cdc20_ablation_18__piece2,dataops/register_unlegended_20260818.py,"Piece 2 of the 3-sisterless timestrip (20260417 ptk2 eyfp cdc20 ablation_18), split so the strip fits the board."
0814,META_FIGURES_20260814.ai,1,nf9_3-sisterless__20260417_ptk2_eyfp_cdc20_ablation_18__piece3,dataops/register_unlegended_20260818.py,"Piece 3 of the 3-sisterless timestrip (20260417 ptk2 eyfp cdc20 ablation_18), split so the strip fits the board."
pub0814,META_FIGURES_20260814_PUBLICATION_20260820.ai,1,nf9_3-sisterless__20260417_ptk2_eyfp_cdc20_ablation_18__piece3,dataops/register_unlegended_20260818.py,"Piece 3 of the 3-sisterless timestrip (20260417 ptk2 eyfp cdc20 ablation_18), split so the strip fits the board."
0814,META_FIGURES_20260814.ai,1,nf9_3-sisterless__20260417_ptk2_eyfp_cdc20_ablation_18__piece4,dataops/register_unlegended_20260818.py,"Piece 4 of the 3-sisterless timestrip (20260417 ptk2 eyfp cdc20 ablation_18), split so the strip fits the board."
pub0814,META_FIGURES_20260814_PUBLICATION_20260820.ai,1,nf9_3-sisterless__20260417_ptk2_eyfp_cdc20_ablation_18__piece4,dataops/register_unlegended_20260818.py,"Piece 4 of the 3-sisterless timestrip (20260417 ptk2 eyfp cdc20 ablation_18), split so the strip fits the board."
newts,NEW_TIMESTRIPS_20260804.ai,3,nf9_3-sisterless__20260417_ptk2_eyfp_cdc20_ablation_18_v3__piece1,figures/group_timestrips.py,
newts,NEW_TIMESTRIPS_20260804.ai,3,nf9_3-sisterless__20260417_ptk2_eyfp_cdc20_ablation_18_v3__piece2,figures/group_timestrips.py,
newts,NEW_TIMESTRIPS_20260804.ai,3,nf9_3-sisterless__20260417_ptk2_eyfp_cdc20_ablation_18_v3__piece3,figures/group_timestrips.py,
newts,NEW_TIMESTRIPS_20260804.ai,3,nf9_3-sisterless__20260417_ptk2_eyfp_cdc20_ablation_18_v3__piece4,figures/group_timestrips.py,
0813supp,META_FIGURES_20260813_supplemental.ai,1,nf9_double-chromosome__20260420_ptk2_eyfp_cdc20_1_ablation_71__piece1,figures/group_timestrips.py,
pub0813,META_FIGURES_20260813_supplemental_PUBLICATION_20260820.ai,1,nf9_double-chromosome__20260420_ptk2_eyfp_cdc20_1_ablation_71__piece1,figures/group_timestrips.py,
0813supp,META_FIGURES_20260813_supplemental.ai,1,nf9_double-chromosome__20260420_ptk2_eyfp_cdc20_1_ablation_71__piece2,figures/group_timestrips.py,
pub0813,META_FIGURES_20260813_supplemental_PUBLICATION_20260820.ai,1,nf9_double-chromosome__20260420_ptk2_eyfp_cdc20_1_ablation_71__piece2,figures/group_timestrips.py,
0813supp,META_FIGURES_20260813_supplemental.ai,1,nf9_double-chromosome__20260420_ptk2_eyfp_cdc20_1_ablation_71__piece3,figures/group_timestrips.py,
pub0813,META_FIGURES_20260813_supplemental_PUBLICATION_20260820.ai,1,nf9_double-chromosome__20260420_ptk2_eyfp_cdc20_1_ablation_71__piece3,figures/group_timestrips.py,
0813supp,META_FIGURES_20260813_supplemental.ai,1,nf9_double-chromosome__20260420_ptk2_eyfp_cdc20_1_ablation_71__piece4,figures/group_timestrips.py,
pub0813,META_FIGURES_20260813_supplemental_PUBLICATION_20260820.ai,1,nf9_double-chromosome__20260420_ptk2_eyfp_cdc20_1_ablation_71__piece4,figures/group_timestrips.py,
0813supp,META_FIGURES_20260813_supplemental.ai,1,nf9_double-chromosome__20260420_ptk2_eyfp_cdc20_1_ablation_71__piece5,figures/group_timestrips.py,
pub0813,META_FIGURES_20260813_supplemental_PUBLICATION_20260820.ai,1,nf9_double-chromosome__20260420_ptk2_eyfp_cdc20_1_ablation_71__piece5,figures/group_timestrips.py,
newts,NEW_TIMESTRIPS_20260804.ai,2,nf9_off-target__20250901_triple_ablation_32__piece1,figures/group_timestrips.py,
newts,NEW_TIMESTRIPS_20260804.ai,2,nf9_off-target__20250901_triple_ablation_32__piece2,figures/group_timestrips.py,
newts,NEW_TIMESTRIPS_20260804.ai,2,nf9_off-target__20250901_triple_ablation_32__piece3,figures/group_timestrips.py,
0814,META_FIGURES_20260814.ai,1,nf9_unmanipulated-control__20250320_ptk_yfpcdc20__1_xy3__piece1,figures/group_timestrips.py,
pub0814,META_FIGURES_20260814_PUBLICATION_20260820.ai,1,nf9_unmanipulated-control__20250320_ptk_yfpcdc20__1_xy3__piece1,figures/group_timestrips.py,
0814,META_FIGURES_20260814.ai,1,nf9_unmanipulated-control__20250320_ptk_yfpcdc20__1_xy3__piece2,figures/group_timestrips.py,
pub0814,META_FIGURES_20260814_PUBLICATION_20260820.ai,1,nf9_unmanipulated-control__20250320_ptk_yfpcdc20__1_xy3__piece2,figures/group_timestrips.py,
0814,META_FIGURES_20260814.ai,1,nf9_unmanipulated-control__20250320_ptk_yfpcdc20__1_xy3__piece3,figures/group_timestrips.py,
pub0814,META_FIGURES_20260814_PUBLICATION_20260820.ai,1,nf9_unmanipulated-control__20250320_ptk_yfpcdc20__1_xy3__piece3,figures/group_timestrips.py,
newfig,NEW_FIGURES_20260804.ai,7,off-target,figures/group_timestrips.py,off-target example timestrip (20250901 triple_ablation_32)
0813supp,META_FIGURES_20260813_supplemental.ai,5,pole_to_plate_behavior_vs_duration,figures/pole_to_plate_vs_duration.py,"Pole-to-plate behaviour vs metaphase duration, by ablation group"
pub0813,META_FIGURES_20260813_supplemental_PUBLICATION_20260820.ai,5,pole_to_plate_behavior_vs_duration,figures/pole_to_plate_vs_duration.py,"Pole-to-plate behaviour vs metaphase duration, by ablation group"
supp,other_20260820.ai,2,single_sisterless_length_congression,figures/chromo_length_congression_single.py,Single sisterless: metaphase duration vs congression time (colour=chromosome length)
0814,META_FIGURES_20260814.ai,4,traced_cell,figures/group_timestrips.py,"Image panel — 1 frame, cell (dynamic), channel Phase;Fluor, scalebar 10 µm."
newfig,NEW_FIGURES_20260804.ai,4,unmanipulated-control,figures/group_timestrips.py,unmanipulated-control example timestrip (20250321 ptk_yfpcdc20__2_xy1)
